lema	frecuencia_texto	contextos	elelex_encontrado	level_freq@a1	nb_doc@a1	level_freq@a2	nb_doc@a2	level_freq@b1	nb_doc@b1	level_freq@b2	nb_doc@b2	level_freq@c1	nb_doc@c1
mirabel	59	Tu eres asombrosa, Mirabel Madrigal. || - ¿Y Mirabel? - Comienza la abuela y luego tía Pepa, que el clima gobierna . || ¿Y Mirabel? || - ¿Y Mirabel? - Mi padre Agustín, pues, le pasa de todo, mas lindo es. || Mirabel. || - Familia asombrosa. - Mirabel. || - También formo parte de. - Mirabel. || ¡Mirabel! || Mirabel no tiene un don. || ¡Mirabel! ¡Una entrega! || Mirabel, sé que quieres ayudar, amor. || Mamá, hablé con Mirabel, okay. || - ¡Sabes algo! - ¡Mirabel! || Mirabel y yo estuvimos conversando sobre cómo cargo demasiado. || Mirabel. Ah, tengo que recoger a los Guzmán para compromiso de Isabella. || Mirabel, olvídalo. Tenemos que estar listos para los Guzmán. || ¿Mirabel? || ¡Mirabel sale en la visión de Bruno! || Mamá, siempre has sido muy dura con Mirabel. || Mirabel estaba en la visión por una razón. || - Por si fuera poco, ella es tan fastidiosa. - ¿Mirabel? || - ¡Tenía que ser Isabella! - ¿Mirabel? || Esa era tu visión, Mirabel. No la mía. || ¿Te digo cómo hacer mejor hermana? Pídeme perdón por hacerme daño, Mirabel. || - Mirabel. - ¡Y por eso me vi en la visión! || ¡Tienes que parar ya, Mirabel! || Mirabel, ¡tienes que salir! || - ¡Mirabel! - ¡Mirabel! || Mirabel, ¡déjala! || ¡Mirabel! ¡La casa se va a caer! || - Mirabel, ¡sal! - ¡Mirabel! || Mirabel, ¿te hiciste daño? || ¡Mirabel! ¿Dónde está Mirabel?	no										
familia	53	Esta vela contiene el milagro que recibió nuestra familia. || Y juntos los dones de nuestra familia ... || Trairás orgullo a tu familia || Traer orgullo a mi familia. || Traer orgullo a tu familia. || Es mi familia, constelación perfecta. || Esta es la familia Madrigal || Soy de la familia Madrigal. || Así es la familia Madrigal. || Mas soy de la familia Madrigal . || Somos así en la familia Madrigal . ¡Adiós! || - Familia asombrosa. - Mirabel. || Querían oír sobre la familia y... || soy realmente especial igual que resto de mi familia. || Solo quiero hacer mi parte como el resto de la familia. || Cuando tú tío Félix y yo nos unimos a esta familia, || Todo el pueblo depende de nuestra familia, de nuestros dones. || y dejar que el resto de la familia haga lo que hace mejor. || Porque tengo una asombrosa familia || Y el más grande honor de nuestra familia... || Solamente cuidaba a mi familia, || Eres igual de especial que cualquier otro en esta familia. || Mira, mi hermano bruno perdió en el camino en esta familia. || Si en la familia supiera cuán vulnerables somos en realidad. || Ayúdame a proteger a la familia. || pero sí hay una persona en esta familia que puede oír todo sobre lo que pasa aquí. || - Luisa. - Familia. || y ambas familias podrán fortalecer ese. || La familia Madrigal. || Bienvenida a la familia Madrigal. || Encontré su visión. La familia peligra. || Mi don no le servía a la familia, || pero amo a mi familia, en serio. || Quería ver a mi familia, orgullosa de mí. || si voy a dañar a mi familia, || la familia, el encanto || La familia nos necesita a bruno y tú tienes que salir de aquí. || Piensa en la familia. || Debemos proteger a la familia, al encanto. O no tendremos hogar. || a las personas raras de la familia y a veces les hacen mala fama. || Lo no sé. La familia tuvo un milagro que salva el milagro familiar. || El destino de la familia no no depende de ella. || La abuela estaba feliz. La familia estaba feliz. || ¡Yo jamás quise casarme con él, solo lo hacía por la familia! || pero no es una excusa para que sigas dañando a esta familia. || Bruno dejó esta familia porque tu solo veías lo peor en él. || Él ama esta familia. || Yo amo a esta familia. Todos amamos a la familia. || Nunca le hiciste daño a la familia, Mirabell. || Somos una familia y todo gracias a ti. || Y esta familia, constelación que estalla. || ¡La familia Madrigal!	sí	769.119	29	572.003	62	596.851	75	429.976	38	1018.3	41
bruno	46	"Mi tío Bruno... || ¡No se habla de Bruno!) || Mira, mi hermano bruno perdió en el camino en esta familia. || Cuando aún estaba el tío Bruno, || ¿El tío Bruno? ¿y que había en su visión? || Pero si algo le pasa a la magia, empieza en la torre de Bruno. || Bruno, ¡tú cuarto es el peor! || ¿Por qué aparezco en tu visión bruno? || Aquí nunca se habla de Bruno. || Nadie habla de Bruno. || No se habla de Bruno, no, no, no. || No se habla de Bruno. || Bruno con voz misteriosa habló. || Miedo al ver a Bruno balbuceando y tropezando. || Bruno. Sí, sobre Bruno. || Ya digan lo que sepan de Bruno Denme la pura verdad de Bruno. || - Bruno dice que parece que va a llover. - ¿Por qué se lo dijo? || ¡Llegaron! No hablemos de Bruno, no, no, no. || ¿Por qué hablé sobre Bruno? || No hay que hablar sobre Bruno. || ¡No debo nunca hablar de Bruno! || Me metí en la torre de  Bruno. || Mientras esté en los Guzmán nunca te metiste a la torre de Bruno, || ...la visión de Bruno. || La visión de Bruno. || ¡Mirabel sale en la visión de Bruno! || ¡De verdad no estoy haciendo nada! ¡Es la visión de Bruno! || ¿Tío Bruno? || porque soy bruno y todo el mundo piensa lo peor así que... || La familia nos necesita a bruno y tú tienes que salir de aquí. || ""Bruno provoca cosas malas y qué miedo y su visión seguro mató a mi pez"". || Bruno se fue por culpa tuya. || Bruno dejó esta familia porque tu solo veías lo peor en él. || A Bruno nunca le importó. || Entonces, ¿vamos a hablar sobre Bruno? || ¿Es Bruno? || Sí, tanto que decir sobre Bruno."	no										
don	43	"el milagro bendijo a cada uno, con un don mágico para ayudarnos. || Y juntos los dones de nuestra familia ... || Esta noche, esta vela va darte tu don, mi vida. || ¿Y cuál será mi don, abuela? || El don que te esté esperando... || ¿Cuándo veremos el don mágico? || ¿Cuál es su don? || - ¡Ya vienen, son ellos! - ¿Cuáles son los dones? || - Nunca me aprendo todos los dones - ¡Yo no sé quien es quién! || Esfuerzo y alegría encenderán nuestros dones . || Camilo muta, Antonio hoy recibe el don. || Pero, ¿cuál es tu don? || <¡Iba a contarnos cuál es su increíble don!> || Mirabel no tiene un don. || ¿Tú no tienes un don especial? || Te traje el especial, por ser la única Madrigal que no tien un don. || Le llamo ""Nuestra Especial no Especial"", ya que no hubo un don para ti. || La última ceremonia de don fue un fracaso. || Porque la verdad es que con o sin don, || Tal vez tu don es vivir en negación. || dos extraños sin un don especial que jamás tendrían un, || Todo el pueblo depende de nuestra familia, de nuestros dones. || Si la ceremonia del don, sale bien esta vez, || Recibirás tu don y abrirás la puerta || y estar contigo al recibir tu don y tu puerta... || ha sido usar nuestros dones para servir a esta preciosa comunidad. || ¿Usarás tu don para honrar a nuestro milagro? || ¡Tenemos un don nuevo! || Tienes un don tan especial como tú. || Bendiciones te pido, aunque no tenga un don. || Todos nos regocijamos por Antonio y su maravilloso don... || ¡Mi don! || - ¡He perdido mi don! - ¿Qué? || Raro el don de ir visualizando. || Y que, así, el poder de mi don como uvas va a madurar. || El don de Luisa no se pierde. || Mi don no le servía a la familia, || Tuve esta visión la noche en que tu don no se manifestó. || No sé por qué tú no recibiste un don, || Son más que solo un don. || Aprendo la lección, la magia no es un don. || No hay ningún don y somos muchos. || Tú eres nuestro don, cree en ti."	sí	70.951	5	15.3423	5	217.533	19	90.3575	13	118.465	9
milagro	38	Esta vela contiene el milagro que recibió nuestra familia. || Y de dónde salió el milagro? || sucedió un milagro. || El milagro creció. || el milagro bendijo a cada uno, con un don mágico para ayudarnos. || Y juntos merecer el gran milagro. || Y revelando milagros en cada piso. Noche de fiesta, todos llegan para gozar || Sigue bailando, contento en mi paraíso Y revelando milagros en cada piso. || ¡Ahí tienes! Sigue bailando, contento en mi paraíso Y revelando milagros en cada piso. || Y revelando milagros en cada piso. ¡Ahí tienes! Y revelando milagros en cada piso. || Noche de fiesta, todos vienen a celebrar Y revelando milagros en cada piso. Y revelando milagros en cada piso. || Y revelando milagros en cada piso. || esta vela nos bendijo con un milagro. || ¿Usarás tu don para honrar a nuestro milagro? || Si nuestro milagro a agoniza... || Ayúdame a salvar nuestro milagro. || Yo voy a salvar nuestro milagro. || ¿Pero cómo se salvo un milagro? || Averiguar lo que él le está pasando al milagro. || jamás debemos dar por echo nuestro milagro, || el destino del milagro en si... || Lo no sé. La familia tuvo un milagro que salva el milagro familiar. || Oye, después de salvar el milagro, visitame. || Después de salvar el milagro, volverás a casa. || Lo lograrás. Solo tienes que salvar el milagro. || Vamos a salvar el milagro. La magia... || ¡Debo salvar al milagro! || El milagro agoniza por culpa tuya. || Este río. Aquí es donde recibimos el milagro. || Vienen milagros, vienen crisálidas. || Tumbando sus paredes, ahí viene nuestro milagro || Se me concedió un milagro. || que acabe olvidando para quién debía hacer ese milagro. || Se nos concedió un milagro gracias a ti.	sí	7.1507	1	8.8246	3	5.3308	2	2.2844	1	58.8744	4
querer	33	El tío Félix quiso a Pepa, y mi pa' quiso a Julieta . || Querían oír sobre la familia y... || Solo quiero hacer mi parte como el resto de la familia. || Mi amor, si quieres hablar de eso... || Mirabel, sé que quieres ayudar, amor. || Colombia, te quiero tanto || Y unos ojos que al ver quieran mirar. ¡Ábrelos ya! || No quiero que te pase a ti. || y luego empeora porque no quieres decirme qué pasa... || Guau, no quise gritar a. || Hércules dijo: ¡No quiero, renuncio! || Perdón. Lo siento, no quise. || Solo quiero saber si es en general era positivo o no era tan positivo.. || Quería ver a mi familia, orgullosa de mí. || Todo dependerá de mí, así que quiero, que tengas otra visión. || Mira, aunque quisiera hacerlo y no quiero, destruiste mi cueva divisiones. || Quieren hablar con usted. || Quiero que salga. || ¡Yo jamás quise casarme con él, solo lo hacía por la familia! || Yo quiero emocionarme con mi versión. || Lo que yo haría al comprender que quiero ser imperfecta. || No quería hacernos daño. || Sólo quería hacer... || Sólo quería ayudar. || ¿Qué? No la tenemos. ¿No quieres que diga la verdad? || Sudabas nerviosa y solo quería ayudarte. || Te quiero a ti decir que tu hermano está aquí. || Quiero disculparme tanto, lo esperé.	sí	3575.84	120	2481.02	235	2561.19	313	2122.91	178	1574.6	101
ver	32	¿Cuándo veremos el don mágico? || Perdón, podrías. Te ves genial. || ¿Han visto mi tiple? || Yo sé lo que vi. || Anoche, cuando viste las grietas, || ¿Solo no entendían lo que veía? || Veo que pronto lloverá. || Él dijo mi pez se moriría, ¡y ve! || Él vio en mí un destino gentil. || Él vio en mí un amor imposible pactado al fin. || y vi la magia en peligro. || Y luego, te vi a ti. || Suerte. Ojalá hubiera visto más. || desearía saber visto más. ¡Así que ve más! || Debiste decirmelo tan pronto tú viste la visión. || - No ves que me esfuerzo. - Sí. || Si veo algo que no te guste vas a pensar: || ¡No estamos viendo algo! || Estás viendo lo mismo que yo. || Ves que creo que no ves lo que pasa. || Temes que te vea la abuela. || Espera. Ven aquí, ven aquí. || - Ven aquí, ven aquí. - ¿Será inspiración? || ¿Hacia dónde está viendo? || Solo he visto tus flores brotar. || Con claridad ya veo el camino || - Mirabel. - ¡Y por eso me vi en la visión! || Julieta, ¡ven rapido! || ¿Sabes? Mi prima es como tú ¿Has visto a Dolores? || Dolores, te veo. || Me veo a mí.	sí	2718.78	97	3033.52	274	2651.67	363	2090.54	183	1955.32	122
luisa	29	Mis dos hermanas Isabela y Luisa. || (Luisa, Luisa, Luisa, Luisa) es fuerza irreal. || Luisa, ¡el piano debe ir arriba! || y tal vez yo no sea súper fuerte como luisa || y luisa oía ese tic de su ojo toda la noche. || - Luisa. - Familia. || Luisa, Dolores está super ansiosa. || - Yo ayudo a Luisa. - Para. || Luisa, oye. ¿Qué? || ¡Oye, Luisa, espera! || - Luisa, ¿puedes reencauzar el río? - Sí claro. || - Luisa, los burros otras veces salieron. - Ya voy. || ¡Luisa! || Luisa, mi casa está inclinando. || Luisa, porque no me... || Luisa, si sabes qué daña la magia || Luisa está bien. No me siento nerviosa. || - ¡Luisa! ¡Los burros! - ¡Ya voy! || Tú deja en paz a Luisa hasta que yo hable con ella. || La magia agoniza, la casa se derrumba en donde Luisa se pierde. || El don de Luisa no se pierde. || Luisa, ¿quiere extraer el piano por favor? || - ¡Soy un fracaso! - ¡Luisa! || Luisa no levanta ni una empanada. || Luisa se queda sin poderes. Isabella está fuera de control. || Luisa nunca será tan fuerte como deseas.	no										
visión	29	"le llegó una horrible visión al respecto. || ¿El tío Bruno? ¿y que había en su visión? || Busca esa visión. || ¡Espera! ¡Como busco una visión? ¡Cómo sé lo que debo buscar? || ""Busca la visión, salva el mila... "". || ¿Por qué aparezco en tu visión bruno? || si el hubiera tenido una visión sobre una persona, ¿qué significa..? || Siempre tenía visiones terribles y luego.. || Encontré su visión. La familia peligra. || ...la visión de Bruno. || La visión de Bruno. || ¡Mirabel sale en la visión de Bruno! || ¡De verdad no estoy haciendo nada! ¡Es la visión de Bruno! || ¿Por qué tomaste la visión? || Suponía que no llegas a esa visión. Nadie lo haría. || ¿Por qué estaba yo en tu visión? || Tuve esta visión la noche en que tu don no se manifestó. || Pero la visión era diferente, cambiaba. || Pero es un misterio, un misterio. Por eso esta visión es... || Debes tener otra visión. || No. Es que dejen las visiones hace mucho. || Todo dependerá de mí, así que quiero, que tengas otra visión. || Debiste decirmelo tan pronto tú viste la visión. || Mirabel estaba en la visión por una razón. || ""Bruno provoca cosas malas y qué miedo y su visión seguro mató a mi pez"". || Es lo visión. ¡Tengo que parar! || Esa era tu visión, Mirabel. No la mía. || - Mirabel. - ¡Y por eso me vi en la visión! || ¡Yo le di una visión!"	sí	0	0	12.8753	3	10.484	4	20.8466	6	38.8023	3
madrigal	28	"Tu eres asombrosa, Mirabel Madrigal. || Bueno, ""nosotros"", no les contaré sobre mí nada más. Yo formo parte de los sorprende Madrigal. || ¿Los increíbles Madrigal? || Esta es la familia Madrigal || Hogar de mi gente, Madrigal. || Soy de la familia Madrigal. || Así es la familia Madrigal. || Mas soy de la familia Madrigal . || Dos tipos que amaban a los Madrigal. || Pues ahora son un par de famosos Madrigal. || Y así la abuela se hizo una abuela Madrigal. || Sabrán mucho más de un Madrigal. || Así es nuestra vida Madrigal. || Somos así en la familia Madrigal . ¡Adiós! || Me tengo que ir, la vida de un Madrigal. || Pero conocieron más de los Madrigal. || Es solo un repaso sobre los Madrigal . || Te traje el especial, por ser la única Madrigal que no tien un don. || Ey, no importa, pues todos somos Madrigal. || No hay nada malo con la casa madrigal. || La familia Madrigal. || Bienvenida a la familia Madrigal. || Hay muchas escaleras en la Casa Madrigal. || Los Guzmán y los Madrigal juntos le van a hacer un gran bien al encanto. || Isabela, la más divina de todos los Madrigal. || Somos los Madrigal. || ¡La familia Madrigal!"	no										
pasar	28	- ¿Y Mirabel? - Mi padre Agustín, pues, le pasa de todo, mas lindo es. || ¿Y qué pasa si no funciona? || No quiero que te pase a ti. || ¿Por qué tiene que pasar esto? || Averiguar lo que él le está pasando al milagro. || pero sí hay una persona en esta familia que puede oír todo sobre lo que pasa aquí. || Así que si alguien sabe qué le pasa. || pero tal vez se pasó algo y tal vez yo de vas a verlo. || ¿Será que sabes algo sobre lo que pasó anoche con la magia? || - Lo siento. - ¿A ti qué te pasa? || Dolores dijo que tenías un tic. Eso nunca te pasa. || - Sola cuéntame qué pasa. - No hay nada que contar. || y luego empeora porque no quieres decirme qué pasa... || ¡No pasa nada! || ¿Por qué pasaría algo malo? || Yo paso y aplasto si es lo necesario, mas || Pero si algo le pasa a la magia, empieza en la torre de Bruno. || ¿Pero qué está pasando? || No sé qué pasará al final pero || ¿Y qué pasa si lo que te muestro es peor? || Siempre pasa. || Ves que creo que no ves lo que pasa. || ¿Qué está pasando? || ¿Qué pasa con Antonio? ¿Qué va a hacer? || Pasan sus noches y madrugadas. || Para que no volviera a pasar nunca. || Como que siento que algo pasó y me lo perdí. || ¿Qué está pasando? ¿Adónde nos llevas?	sí	1275.65	51	1933.01	205	1807.5	253	1497.22	145	1316.45	87
magia	24	¿De aquí es de donde viene nuestra magia? || También les digo magia. || Y magia encendida tendrán por generaciones . || La magia está fuerte. || Como el problema con la magia de anoche que no le preocupa a nadie más || La única preocupada por la magia eres tú. || ¿Será que sabes algo sobre lo que pasó anoche con la magia? || Debes contarnos de la magia. || Luisa, si sabes qué daña la magia || Yo estoy bien. La magia está bien. || ¿Qué está dañando a la magia? || Pero si algo le pasa a la magia, empieza en la torre de Bruno. || Podría haber otra forma de subir con nuestra magia, pero no. || ¿Qué está daño por la magia? || La magia agoniza, la casa se derrumba en donde Luisa se pierde. || la magia no está agonizando, no se derrumba la casa. || ¡La magia sigue fuerte! ¡Todo aquí está bien! || A la abuela le preocupó la magia así que || y vi la magia en peligro. || muchas personas empiezan a ponerse ansiosas por la magia. || Vamos a salvar el milagro. La magia... || Aprendo la lección, la magia no es un don. || La magia eres tú, || La magia eres tú.	sí	0	0	3.5207	2	4.6738	2	17.7241	3	0	0
poder	22	no pudimos escapar de peligro. || Y nos bendijo con un refugio donde podríamos vivir. || - ¿Cuáles son tus poderes? - ¡Dinos qué sabe hacer cada uno! || Podía ver el futuro, él desapareció . || y que tú puedas contarme a mí lo que sea. || - Si no puedes poner atención yo, te ayudo. - Yo... || - Luisa, ¿puedes reencauzar el río? - Sí claro. || Podré || ¿Me puedes a hacer que pare la arena? || ¿Que tú y no puedes ayudar? || Cual si lo pudiera oír - De ti ni un sonido saldrá. || Créeme es si pudiera ayudarte más, lo haría pero.. || No puedes apresurar el futuro. || Puedes lograrlo. || Puedes hacerlo, puedes hacerlo. Yo sé que sí puedo hacer. || ¡Todavía te puedes casar con tu novio escrito! || Luisa se queda sin poderes. Isabella está fuera de control. || - Intenté sujetarla. No podía. - El encanto se ha roto. || Mis poderes han desaparecido. No sé. || Cimientos nuevos podremos vislumbrar. || Ya no importa, podremos nuestro camino hacer.	sí	3919.92	127	3877.13	360	3642.23	499	4991.24	385	4412.67	252
noche	20	Esta noche, esta vela va darte tu don, mi vida. || La noche de mi niño debe ser perfecta y no lo es. || Pero esta noche, debe salir a la perfección. || Esta noche será difícil para ella. || será una noche difícil para todos. || Y revelando milagros en cada piso. Noche de fiesta, todos llegan para gozar || Noche de fiesta, todos vienen a celebrar Y revelando milagros en cada piso. Y revelando milagros en cada piso. || Esta noche nos hemos reunido de nuevo... || ¡Es una gran noche! ¡Todo es perfecto hoy! || Ni tendré otra noche esperando tener... || yo nunca podría dañarle la noche Antonio. || y luisa oía ese tic de su ojo toda la noche. || Esta noche. Quiere cinco bebés. || Esta noche no podemos tener más problemas. || No digamos nada. La abuela lo quiere una noche perfecta. || Sí. Esperemos que esta noche no sea un horrible desastre. || ¡Por una noche perfecta! || Tuve esta visión la noche en que tu don no se manifestó. || Pasan sus noches y madrugadas. || De noche, antes de dormir, tus poesías sueles escribir.	sí	1121.1	44	862.599	102	1037	117	332.249	35	597.149	30
casa	19	Y nuestra casa, || Tengo mucho que hacer. La casa no se decorará sola. || y una asombrosa casa. || Siguen abiertas y el café se cuela en la casa || ¡La casa está peligro! ¡La casa está peligro! || La casa estaba en riesgo la, la vela estaba. || No hay nada malo con la casa madrigal. || Nada. Tengo cosas que hacer así que tal vez quieras irte a casa. || Luisa, mi casa está inclinando. || Hay muchas escaleras en la Casa Madrigal. || La magia agoniza, la casa se derrumba en donde Luisa se pierde. || la magia no está agonizando, no se derrumba la casa. || Nuestra casa derrumbándose. || Después de salvar el milagro, volverás a casa. || ¡Mirabel! ¡La casa se va a caer! || A casa. || No si no tenemos una casa. || ¿Eso de ahí? No es una casa.	sí	3234.44	88	2503.93	179	2099.56	212	1610.48	96	968.866	55
salir	18	"Y de dónde salió el milagro? || Pero esta noche, debe salir a la perfección. || Si la ceremonia del don, sale bien esta vez, || - Luisa, los burros otras veces salieron. - Ya voy. || Solo se me salió solo iba a decir que... || ""Busca la visión, salva el mila... "". || Soleado y que el sol salga. || Que salga ya. || Cual si lo pudiera oír - De ti ni un sonido saldrá. || ¡Mirabel sale en la visión de Bruno! || La familia nos necesita a bruno y tú tienes que salir de aquí. || Lo no sé. La familia tuvo un milagro que salva el milagro familiar. || A ella es a la que le salen rosa... || Quiero que salga. || ¡Hay que salir de aquí! || Mirabel, ¡tienes que salir! || Nos salvamos gracias a ti. || Salió a su mamá."	sí	1103.14	46	1124.52	121	1091.26	169	872.303	81	492.611	36
tener	18	tu abuelo Pedro y yo tuvimos que escapar de nuestro hogar. || ¿Tú no tienes un don especial? || dos extraños sin un don especial que jamás tendrían un, || ¡No tienes nada que demostrar! || - ¡Pepa! ¡Tienes una nube! - Ya sé, mamá. || No tienes nada de que preocuparte. || ¡Ahí tienes! Sigue bailando, contento en mi paraíso Y revelando milagros en cada piso. || Y revelando milagros en cada piso. ¡Ahí tienes! Y revelando milagros en cada piso. || Tienes un don tan especial como tú. || Tienes otra vez el tic... || ¡Te pelo! ¿Qué tienes ahí? || No importa, ya tienes que irte porque... || Tuve esta visión la noche en que tu don no se manifestó. || La familia nos necesita a bruno y tú tienes que salir de aquí. || Debemos proteger a la familia, al encanto. O no tendremos hogar. || ¡Tienes que parar ya, Mirabel! || Mirabel, ¡tienes que salir! || Creí que tendríamos una vida diferente.	sí	8525.73	257	8527.99	662	7506.19	797	7048.8	504	5729.72	338
abuela	18	¿Y cuál será mi don, abuela? || No hay que olvidar, la abuela lleva el show. || Y así la abuela se hizo una abuela Madrigal. || - ¿Y Mirabel? - Comienza la abuela y luego tía Pepa, que el clima gobierna . || La abuela dice ya es la hora. || ¡Vamos, abuela! || Abuela, de verdad vi... || Por ti, por la abuela... || Abuela, ten la sombrilla. || Deja a la abuela como a todos temblando. || -Sabrás que lo tomé muy mal - Abuela, ten la sombrilla. || No digamos nada. La abuela lo quiere una noche perfecta. || A la abuela le preocupó la magia así que || Temes que te vea la abuela. || La abuela estaba feliz. La familia estaba feliz. || ¿Abuela? Tranquila. || Abuela. Ya puedo entender.	sí	0	0	16.6587	4	36.5379	7	11.3435	2	0	0
perfecto	17	Es mi familia, constelación perfecta. || La noche de mi niño debe ser perfecta y no lo es. || ¡Es una gran noche! ¡Todo es perfecto hoy! || o divinamente perfecta como la señorita perfecta Isabela || Un joven tan guapo con nuestra perfecta Isabela... || Son una pareja perfecta. || Tan perfecta. || No digamos nada. La abuela lo quiere una noche perfecta. || ¡Por una noche perfecta! || La más perfecta y bella flor... || Todo aquí era perfecto. || ¡Se me hay exigido ser perfecta durante toda mi vida! || No es simétrico o perfecto, pero es único. || Lo que yo haría sin tener que ser la hermana perfecta. || Isabela no será tan perfecta como deseas. || No es perfecto.	sí	183.429	13	173.033	24	84.767	17	90.2365	10	38.1253	3
deber	16	Mas debo decir que es un poco caprichosa Y ya hablé de más, mil gracias, pues me debo retirar. || ¿Tal vez debas dejar las decoraciones a otra persona sí? || jamás debemos dar por echo nuestro milagro, || Algo me inquieta y se empeora, yo debo salvar a todo el mundo. || quien debo ser? || Creo que debes saber esto. || ¡Espera! ¡Como busco una visión? ¡Cómo sé lo que debo buscar? || ¡No debo nunca hablar de Bruno! || Pero si debo detenerme sí, || Debes tener otra visión. || Debemos proteger a la familia, al encanto. O no tendremos hogar. || Solo debes darte cuenta || No, es que yo debía arruinar su propuesta. || que acabe olvidando para quién debía hacer ese milagro. || Debemos despertar.	sí	73.1537	5	503.401	50	671	106	1469.14	124	1275.67	80
hogar	15	tu abuelo Pedro y yo tuvimos que escapar de nuestro hogar. || con esperanza un nuevo hogar, || han hecho a nuestra nueva hogar, un paraíso. || Fortalecerás a la comunidad, y a nuestro hogar también. || En este hogar vive nuestra descendencia . || Hogar de mi gente, Madrigal. || y fortalecer a nuestro hogar? || No dejaré que se pierda otra vez a nuestro hogar. || Debemos proteger a la familia, al encanto. O no tendremos hogar. || ¡Mira nuestro hogar! ¡Mira a tu hermana! || - Tu eres la que derrumba nuestro hogar. - Nunca te atrevas... || Tú perdiste tu hogar. || Mira este hogar, aun guarda esperanza. || Nuevo hogar, tan lleno de esperanza.	sí	4.954	1	18.865	5	56.0581	7	102.517	12	195.104	12
mágico	15	La vela se convirtió en una llama mágica, que jamás se apagaría. || el milagro bendijo a cada uno, con un don mágico para ayudarnos. || ¿Cuándo veremos el don mágico? || En donde todos son fantásticos y mágicos. || Les sonará tal vez fantástica y mágica. || Un regalo mágico. || A la espera de algo mágico, sí, mágico. || Si es que en mí hay algo mágico, sí, mágico. || Lejos de aquel regalo mágico, y aquí estoy. || Milagroso y mágico. || ¿Habrá algo en mí que sea mágico? || nos va a dar otra generación de bendiciones mágicas.	sí	5.3543	1	29.2999	6	41.1962	9	6.8912	2	78.9848	5
decir	15	"También les digo magia. || No es poca cosa — Siempre digo yo, sí, || Y cómo les decía, || Ya digan lo que sepan de Bruno Denme la pura verdad de Bruno. || No digamos nada. La abuela lo quiere una noche perfecta. || Decía que mi vida un verdadero era actuar. || ...y como ya dije ay comida sabrosa gratis. || Pero no sabía lo que dirían sabía lo que iban a pensar || Sí, te digo sí. También eso. || y te digo la cura para el mal humor un fuerte abrazo. || ¿Te digo cómo hacer mejor hermana? Pídeme perdón por hacerme daño, Mirabel. || Yo le dije: ""¡Fuera!"". Y ella digo... || No me importa lo que digan de mí pero si eres muy necia para... || ¿Qué? No la tenemos. ¿No quieres que diga la verdad?"	sí	2252.83	90	4351.31	326	4123.96	488	3306.83	263	3111.39	189
venir	14	¿De aquí es de donde viene nuestra magia? || - ¡Ya vienen, son ellos! - ¿Cuáles son los dones? || Noche de fiesta, todos vienen a celebrar Y revelando milagros en cada piso. Y revelando milagros en cada piso. || ¡También pueden venir! || Solo vine por las últimas cosas de toñito, || Una vida de ensueños vendrá. || ¿Qué? ¿No vas a venir? || - Pero así estaré bien. - Hey, todo el mundo venga a ver. || Vienen milagros, vienen crisálidas. || Tumbando sus paredes, ahí viene nuestro milagro || El pueblo viene para acá.	sí	909.81	42	629.402	77	946.215	140	612.438	60	585.321	39
hermana	14	Oiga, ¿cuál es la hermana y cuál es la prima? || Mis dos hermanas Isabela y Luisa. || Me pidieron que contara todo lo de mis hermanas Y primos y. || Hey, es el señor Mariano, y ¿Puede usted casarse con mi hermana?, || Un consejito entre hermanas. || Dáselo a tu hermana, pon en sus manos. || Dáselo a tu hermana, que nos demuestre, || Dáselo a tu hermana sin preguntarte || ¿Es tu hermana? ¡Es genial! || Abrazando a tu hermana. || pero estoy lista para hacer una mejor hermana contigo. || ¿Te digo cómo hacer mejor hermana? Pídeme perdón por hacerme daño, Mirabel. || Lo que yo haría sin tener que ser la hermana perfecta. || ¡Mira nuestro hogar! ¡Mira a tu hermana!	no										
sentir	14	y siento que puedo contarte lo que sea || - Lo siento. - ¿A ti qué te pasa? || Luisa está bien. No me siento nerviosa. || Creo que mi esfuerzo es nulo si siento que no ayudo. || yo me sentí... Débil. || esta vez o sentir mal así que agarré a todos los burros || pero luego fui a dejarlos al establo y lo sentí tan.. || Perdón. Lo siento, no quise. || Lo siento, mi vida, hazlo tú. || Lo siento. Lo siento. || siento mucho. || Pero es que... Isabela no se sentía feliz. || Como que siento que algo pasó y me lo perdí.	sí	241.671	10	312.364	41	378.417	60	698.355	65	671.393	47
vida	13	cobró vida para protegernos. || Esta noche, esta vela va darte tu don, mi vida. || Así es nuestra vida Madrigal. || Me tengo que ir, la vida de un Madrigal. || Mi vida, ¿estás bien? No te fuerces demasiado. || y será el mejor día de toda tu vida. || Lo siento, mi vida, hazlo tú. || Una vida de ensueños vendrá. || Decía que mi vida un verdadero era actuar. || - ¡Qué tu vida seas tan fantástical! - Fuera. || No pretendía arruinarte la vida. || ¡Se me hay exigido ser perfecta durante toda mi vida! || Creí que tendríamos una vida diferente.	sí	1093.33	35	829.782	84	1157.2	136	1289.06	84	1060.33	58
dejar	13	"No me van a dejar en paz, ¿verdad? || Mi mami Julieta tranquila te deja con solo una arepa. || ¿Dónde dejo el carro? || ¿Tal vez debas dejar las decoraciones a otra persona sí? || y dejar que el resto de la familia haga lo que hace mejor. || No dejaré que se pierda otra vez a nuestro hogar. || ¡Camilo! Deja de fingir que eres dolores solo para repetir. || Totalmente. Hoy yo no me dejé. || Tú deja en paz a Luisa hasta que yo hable con ella. || Deja a la abuela como a todos temblando. || ""Bueno, te dejo de lo buena que..."" || No. Es que dejen las visiones hace mucho. || Ven, deja que te ayude."	sí	285.434	17	854.915	97	1072.19	157	980.929	100	814.386	58
hablar	13	Mi amor, si quieres hablar de eso... || Yo no hablo así. || No lo sé, pero ya los adultos hablando. || Tú deja en paz a Luisa hasta que yo hable con ella. || Bruno con voz misteriosa habló. || No hay que hablar sobre Bruno. || ¡No debo nunca hablar de Bruno! || Quieren hablar con usted. || ¿Pero de qué estás hablando? || Entonces, ¿vamos a hablar sobre Bruno? || Te gusta hablar.	sí	2339.02	83	1842.15	185	1955.35	270	995.777	92	1232.99	84
peso	13	Es peso que con gota a gota lo reventó. || Peso como un tip-tip-tip hasta que haces pop. || Y si cedo al peso con presión, presión que jamás soltó,. || Peso como un tick-tack-tick antes de una explosión. || el peso cruel, la expectativas, || Tan simple y bello en vez del peso. || Peso que con gota a gota lo reventó. || Sin peso con presión, presión que jamás soltó. || Es que el peso llegará a aplastarte. || ¡Sin presión! ¡Sin peso! || Eel peso del mundo no descansa sobre tus hombros. Se acabó.	sí	165.502	7	30.0512	7	53.4042	12	122.805	9	114.376	9
vela	12	Esta vela contiene el milagro que recibió nuestra familia. || La vela se convirtió en una llama mágica, que jamás se apagaría. || Esta noche, esta vela va darte tu don, mi vida. || esta vela nos bendijo con un milagro. || y casi se apagó la vela. || La casa estaba en riesgo la, la vela estaba. || Es la vela. ¡La vela alumbra más! || - ¡Creo que vas a salvar la vela! - ¿Cómo? || Para que la vela brilla tienes que darle un abrazo. || Y la vela brillo más fuerte y las grietas... || ¡La vela!	sí	3.0086	1	72.8803	8	53.764	9	1.826	1	26.3283	2
estar	12	El don que te esté esperando... || Mi prima Dolores estando a lo lejos te puede oír. || ¿Pero qué estás haciendo? || Mi vida, ¿estás bien? No te fuerces demasiado. || Ok parcerito, ¿estás listo? || Estás cargando demasiado. ¡Beso! || Estaré bien. || Mientras esté en los Guzmán nunca te metiste a la torre de Bruno, || Isa, algo me dice que estás molesta. || - Pero así estaré bien. - Hey, todo el mundo venga a ver. || ¿Pero de qué estás hablando?	sí	382.156	23	1270.84	131	1182.77	182	1091.78	107	1106.15	67
isabela	12	Mis dos hermanas Isabela y Luisa. || (Isabela) con sus flores van a enloquecer. || (Isabela) es la perfección de pie. || ¡Isabela! || o divinamente perfecta como la señorita perfecta Isabela || Hablé con los Guzmán de la propuesta de matrimonio de Mariano a Isabela. || Un joven tan guapo con nuestra perfecta Isabela... || ¡Isabela, tu amor llegó! || Isabela, la más divina de todos los Madrigal. || ¿Isabela? || Pero es que... Isabela no se sentía feliz. || Isabela no será tan perfecta como deseas.	no										
hacer	12	Mi primo Camilo que no se detiene y te hará reír. || y dejar que el resto de la familia haga lo que hace mejor. || Lo hice para que cuando te cambies a tu increíble cuarto, || Y sé que le hará bien al encanto. || Suponía que no llegas a esa visión. Nadie lo haría. || Créeme es si pudiera ayudarte más, lo haría pero.. || ¿Además no sé qué fue lo que le hice? || ¡Yo jamás quise casarme con él, solo lo hacía por la familia! || Lo que yo haría sin tener que ser la hermana perfecta. || Lo que yo haría al comprender que quiero ser imperfecta. || ¡Y luego hicimos esto! || Lo haremos juntos con pasión.	sí	4736.45	146	4564.7	422	5020.98	603	6021.18	457	3721.59	226
encanto	11	Un encanto. || Que siempre me enamora tu encanto || Qué sigas bendiciendo tu encanto || Te sigue bendiciendo tu encanto || Y sé que le hará bien al encanto. || Los Guzmán y los Madrigal juntos le van a hacer un gran bien al encanto. || la familia, el encanto || Debemos proteger a la familia, al encanto. O no tendremos hogar. || - Intenté sujetarla. No podía. - El encanto se ha roto.	sí	67.0487	5	4.2366	3	5.3024	2	82.4194	8	9.4714	1
mundo	11	El mundo encantan con su brillo personal. || El pueblo vibra, el mundo gira. || Todo el mundo te está buscando. || Algo me inquieta y se empeora, yo debo salvar a todo el mundo. || Pues, bueno, la verdad es que, ya que todo el mundo aquí tiene un talento || porque soy bruno y todo el mundo piensa lo peor así que... || Eel peso del mundo no descansa sobre tus hombros. Se acabó. || - Pero así estaré bien. - Hey, todo el mundo venga a ver. || Y navegando un mundo que cambia y sigue cambiando. || Navegando un mundo que cambia y sigue cambiando. || Hacer lo necesario en un mundo que sigue cambiando	sí	1445.77	49	1129.9	98	1275.28	136	1211.53	94	1458.92	74
amor	11	Tiene razón, amor. || Mi amor, si quieres hablar de eso... || Mirabel, sé que quieres ayudar, amor. || Pepe, amor vas a dejarlo empapado. || Sané tu herida con mi amor por mi hija, || Él vio en mí un amor imposible pactado al fin. || ¡Isabela, tu amor llegó! || Su amor está prohibido. || Mi amor, me preocupaste. || Te--tengo un amor por ofrecer. || ¡Sí, amor!	sí	400.175	16	379.695	35	523.528	61	159.705	15	189.656	13
cambiar	11	Camilo. Cambia esa cara. || Pero la visión era diferente, cambiaba. || Y navegando un mundo que cambia y sigue cambiando. || Navegando un mundo que cambia y sigue cambiando. || Buscar algún rincón, el tiempo sigue cambiando. || Inseparables son y el tiempo sigue cambiando. || Hacer lo necesario en un mundo que sigue cambiando || Y cambiar de dirección. || Los tiempos cambiaran.	sí	222.153	10	340.684	43	437.976	77	564.734	54	263.283	18
antonio	10	Camilo muta, Antonio hoy recibe el don. || Y suerte para Antonio. || Pero no logro encontrar a antonio que más quieres saber. || ¡Antonio! || No Antonio. || yo nunca podría dañarle la noche Antonio. || Todos nos regocijamos por Antonio y su maravilloso don... || ¡Cuidado, Antonio! || - ¿Están todos bien? - Antonio, no llores, papito. || ¿Qué pasa con Antonio? ¿Qué va a hacer?	no										
oír	10	Mi prima Dolores estando a lo lejos te puede oír. || Querían oír sobre la familia y... || pero sí hay una persona en esta familia que puede oír todo sobre lo que pasa aquí. || ¡Oye, Luisa, espera! || Al oír tu nombre, no hay marcha atrás. || Oye, Mariano va a llegar. || - Casi lo puedo oír - Hey, tú. || Cual si lo pudiera oír - De ti ni un sonido saldrá. || Yo no puedo oír. || Oye, después de salvar el milagro, visitame.	sí	231.876	12	437.774	52	415.589	60	206.47	24	273.065	20
abrazo	10	Perdón, ¡un abrazo más y ya! || Algo, no. ¿Es un abrazo? || Un abrazo. ¡Es un abrazo! || Para que la vela brilla tienes que darle un abrazo. || Con un abrazo. || Así que démonos un...abrazo. || ¿Darte un abrazo? || y te digo la cura para el mal humor un fuerte abrazo. || Okey, dame un abrazo.	sí	94.3661	6	30.1139	7	35.3963	8	20.7726	4	0	0
okey	10	Okey okey, vamos vamos vamos. || Okey. La comunidad cuenta con nosotros. || Okey. || Ella nunca me abraza, ¿Okey?. ¡Ella me odia! || Okey, dame un abrazo. || Okey, estoy informada, bye.	no										
importar	10	Ey, no importa, pues todos somos Madrigal. || Ya no importa. || que va en aumento no importa, || No importa, ya tienes que irte porque... || No importa qué tanto intenté serlo. || No importa qué tanto lo intente cualquiera de nosotros. || A Bruno nunca le importó. || Tú eres la que no le importa. || No me importa lo que digan de mí pero si eres muy necia para... || Ya no importa, podremos nuestro camino hacer.	sí	67.9692	4	137.172	21	151.713	23	147.685	17	122.226	8
perder	9	Y perdimos a tu abuelo. || Mira, mi hermano bruno perdió en el camino en esta familia. || No dejaré que se pierda otra vez a nuestro hogar. || ¿Quién soy yo si pierdo con el balón? || ¿Qué si pierdo y fallo al soportar? || - ¡He perdido mi don! - ¿Qué? || La magia agoniza, la casa se derrumba en donde Luisa se pierde. || El don de Luisa no se pierde. || Como que siento que algo pasó y me lo perdí.	sí	96.3005	7	431.891	51	466.839	71	547.937	55	381.979	28
jamás	9	La vela se convirtió en una llama mágica, que jamás se apagaría. || dos extraños sin un don especial que jamás tendrían un, || jamás debemos dar por echo nuestro milagro, || Y si cedo al peso con presión, presión que jamás soltó,. || Sin peso con presión, presión que jamás soltó. || Nadie sabe. Jamás apareció. || Así que jamás te fuiste. || ¡Yo jamás quise casarme con él, solo lo hacía por la familia! || Jamás había sido capaz de volver aquí.	sí	0	0	8.8246	3	30.7791	8	56.5075	8	50.2059	4
crecer	9	El milagro creció. || Cuando mis hijos crecieron, || Y cuando sus hijos crecieron... || ¿Qué lograría si creciera el sentimiento del momento? || - Y enredar. - Crece. || Siguen creciendo, no saben cuando. || Hay que crecer aparte y volver. || Hay que crecer aparte y volver || ¿Ya notaste cuanto creció?	sí	0	0	27.3187	5	85.9513	19	109.573	12	127.585	11
especial	9	"va a ser tan especial como tú. || ¿Tú no tienes un don especial? || Te traje el especial, por ser la única Madrigal que no tien un don. || Le llamo ""Nuestra Especial no Especial"", ya que no hubo un don para ti. || soy realmente especial igual que resto de mi familia. || dos extraños sin un don especial que jamás tendrían un, || Tienes un don tan especial como tú. || Eres igual de especial que cualquier otro en esta familia."	sí	381.944	16	301.577	36	279.565	47	138.5	15	247.752	17
dolores	9	Dolores oye hasta una aguja. || Mi prima Dolores estando a lo lejos te puede oír. || Dolores, ¿oyes si alguien llega tarde? || Dolores, hola. || Luisa, Dolores está super ansiosa. || Dolores, ¿ya tienen fecha? || Dolores dijo que tenías un tic. Eso nunca te pasa. || ¿Sabes? Mi prima es como tú ¿Has visto a Dolores? || Dolores, te veo.	no										
saber	9	Sabrán mucho más de un Madrigal. || Si en la familia supiera cuán vulnerables somos en realidad. || El barco no vira, aún sabiendo el riesgo rotundo. || y sabía que eso decepcionaría a todos. || Ya digan lo que sepan de Bruno Denme la pura verdad de Bruno. || Pero no sabía lo que dirían sabía lo que iban a pensar || ¿Quién sabrá si es inspiración? || Lo sabía, no se fue, a diario lo escuché.	sí	1605.7	66	2851.6	283	2691.41	348	1840.03	170	1721.39	102
perdón	9	Perdón. Disculpa. || Perdón. || Perdón, podrías. Te ves genial. || Perdón, ¡un abrazo más y ya! || Ay perdón, es que fui ... || Perdón. Lo siento, no quise. || Señora, perdón. || ¿Te digo cómo hacer mejor hermana? Pídeme perdón por hacerme daño, Mirabel. || ¡Espera! ¡Está bien! Pido perdón.	sí	4.954	1	40.1036	10	62.8245	11	11.4221	5	0	0
llegar	9	Dolores, ¿oyes si alguien llega tarde? || Los invitados ya van a llegar y ya. || Y revelando milagros en cada piso. Noche de fiesta, todos llegan para gozar || Abriendo puertas, va llegando la madrugada || Es que el peso llegará a aplastarte. || ¿Qué si me desplomo y no llego a ser || Oye, Mariano va a llegar. || ¡Oye Mariano va a llegar! || Suponía que no llegas a esa visión. Nadie lo haría.	sí	1156.43	52	1197.18	135	1465.83	228	1154.57	113	1382.06	92
salvar	9	Ayúdame a salvar nuestro milagro. || Yo voy a salvar nuestro milagro. || Algo me inquieta y se empeora, yo debo salvar a todo el mundo. || - ¡Creo que vas a salvar la vela! - ¿Cómo? || Oye, después de salvar el milagro, visitame. || Después de salvar el milagro, volverás a casa. || Lo lograrás. Solo tienes que salvar el milagro. || Vamos a salvar el milagro. La magia... || ¡Debo salvar al milagro!	sí	0	0	19.4899	4	25.2875	7	22.9038	4	52.6565	4
toc	9	Toc, toc, toc. Toca madera.	no										
momento	8	Pero, en nuestro momento más oscuro, || en el momento más oscuro, || Y vivir solo un momento || ¿Qué lograría si creciera el sentimiento del momento? || Irremediablemente, aquí, viviendo ahora en el momento. || El tiempo es momento. || Esperará su momento de brillar. || Y aprovecho el momento, por si quisieras pensar en mí.	sí	253.258	14	673.008	64	729.068	95	653.951	60	682.303	44
casita	8	nuestra casita misma... || Sí, casita, ya es hora. || Casita, ayúdame. || Grietas en nuestra casita. || ¡Casita! || ¡Ayudame! Casita. || ¡Casita! ¡Ayúdame a subir! || Hola casita.	sí	7.1507	1	24.9718	5	26.1366	5	0	0	9.4714	1
junto	8	Y juntos los dones de nuestra familia ... || Y juntos merecer el gran milagro. || ¡Todos juntos! || juntos brillar. || Los Guzmán y los Madrigal juntos le van a hacer un gran bien al encanto. || que no arreglemos juntos. || Lo haremos juntos con pasión. || Todos, juntos...	sí	147.582	8	212.188	27	177.474	33	253.42	25	157.61	10
esperar	8	El don que te esté esperando... || Ni tendré otra noche esperando tener... || ¡Oye, Luisa, espera! || No espera. ¿A qué te refieres? || Le espera tiene que haber una explicación. || No esperaba este efecto. || Esperará su momento de brillar. || Espera aquí por ti.	sí	444.939	22	617.139	73	692.525	107	400.652	39	479.75	34
pepa	8	Mi tía Pepa, su humor afecta el clima. || El tío Félix quiso a Pepa, y mi pa' quiso a Julieta . || - ¿Y Mirabel? - Comienza la abuela y luego tía Pepa, que el clima gobierna . || - ¡Pepa! ¡Tienes una nube! - Ya sé, mamá. || ¿Tía Pepa? Si Bru... || Pepa, la nube. || Pepa, calmate. || ¡Voy yo, muy bien! Pepa, lamento molestarte,	sí	0	0	0	0	0	0	0	0	9.4714	1
tío	8	Mi tío Bruno... || El tío Félix quiso a Pepa, y mi pa' quiso a Julieta . || Cuando tú tío Félix y yo nos unimos a esta familia, || Cuando aún estaba el tío Bruno, || ¿El tío Bruno? ¿y que había en su visión? || ¿Tío Bruno? || Tío, que no entiendo por qué te fuiste pero no te fuiste.	sí	44.4532	3	94.9285	14	64.2207	12	55.2348	4	38.8023	3
revelar	8	Y revelando milagros en cada piso. Noche de fiesta, todos llegan para gozar || Sigue bailando, contento en mi paraíso Y revelando milagros en cada piso. || ¡Ahí tienes! Sigue bailando, contento en mi paraíso Y revelando milagros en cada piso. || Y revelando milagros en cada piso. ¡Ahí tienes! Y revelando milagros en cada piso. || Noche de fiesta, todos vienen a celebrar Y revelando milagros en cada piso. Y revelando milagros en cada piso. || Y revelando milagros en cada piso.	sí	0	0	1.9216	1	1.2931	1	56.6914	6	105.313	8
piso	8	Y revelando milagros en cada piso. Noche de fiesta, todos llegan para gozar || Sigue bailando, contento en mi paraíso Y revelando milagros en cada piso. || ¡Ahí tienes! Sigue bailando, contento en mi paraíso Y revelando milagros en cada piso. || Y revelando milagros en cada piso. ¡Ahí tienes! Y revelando milagros en cada piso. || Noche de fiesta, todos vienen a celebrar Y revelando milagros en cada piso. Y revelando milagros en cada piso. || Y revelando milagros en cada piso.	sí	325.61	14	370.281	34	288.664	38	256.712	22	125.281	8
mirar	8	Y unos ojos que al ver quieran mirar. ¡Ábrelos ya! || Lograrán mirar quien puedo ser yo. || Mira, mi hermano bruno perdió en el camino en esta familia. || Mira, aunque quisiera hacerlo y no quiero, destruiste mi cueva divisiones. || Mira todo esto. || ¡Mira nuestro hogar! ¡Mira a tu hermana! || Mira este hogar, aun guarda esperanza.	sí	1205.45	47	1237.97	138	1077.17	151	400.621	41	245.584	20
fuerte	8	La magia está fuerte. || y tal vez yo no sea súper fuerte como luisa || Siempre fuerte, imparable. || Como lo resiste, se agarra fuerte. || ¡La magia sigue fuerte! ¡Todo aquí está bien! || y te digo la cura para el mal humor un fuerte abrazo. || Y la vela brillo más fuerte y las grietas... || Luisa nunca será tan fuerte como deseas.	sí	144.874	8	150.419	20	183.913	27	263	27	131.08	10
ir	8	Solo se me salió solo iba a decir que... || Entonces más vale que lo entendieras porque iba a pasarte muy pronto. || Así que jamás te fuiste. || Tío, que no entiendo por qué te fuiste pero no te fuiste. || Pero no sabía lo que dirían sabía lo que iban a pensar || ¿Tú. Te fuiste para protegerme? || ¿Qué? ¿No vas a venir?	sí	6509.56	210	6208.38	524	4821.13	561	3326.5	285	2211.14	147
volver	8	y la llovizna se vuelven lluvia. || ¿Te has vuelto loca? || No te muevas. Vuelvo en un minuto. || Jamás había sido capaz de volver aquí. || Hay que crecer aparte y volver. || Hay que crecer aparte y volver || Para que no volviera a pasar nunca. || ¡Ha vuelto!	sí	575.188	26	952.565	107	883.707	141	694.72	72	468.727	33
haber	8	si el hubiera tenido una visión sobre una persona, ¿qué significa..? || ¿Lo qué has histe? || Suerte. Ojalá hubiera visto más. || Mamá, siempre has sido muy dura con Mirabel. || - Si hubiera algo más... - ¡Ahí! || ¿Te has vuelto loca? || y lo único que tú has hecho por mí es empeorar todo. || Y tú me has dado dirección.	sí	3663.61	100	11425.2	481	6210.03	622	7740.83	502	7476.86	324
abrir	7	Abre los ojos. || Dale abre los. || Hemos jurado abrir los brazos . || Abriendo puertas, va llegando la madrugada || Y el cerrojo no abrió. || Hoy tus ojos se abren Al fin de este sueño podrás despertar.	sí	300.017	15	665.337	72	541.938	77	612.931	60	637.054	42
recibir	7	Esta vela contiene el milagro que recibió nuestra familia. || Camilo muta, Antonio hoy recibe el don. || y estar contigo al recibir tu don y tu puerta... || para que uno más reciba esta luz... || y pronto encontraremos cómo aprovechar la bendición que recibiste. || No sé por qué tú no recibiste un don, || Este río. Aquí es donde recibimos el milagro.	sí	129.075	7	305.459	37	348.847	58	439.97	41	405.574	29
contar	7	"Bueno, ""nosotros"", no les contaré sobre mí nada más. Yo formo parte de los sorprende Madrigal. || Me pidieron que contara todo lo de mis hermanas Y primos y. || - Sola cuéntame qué pasa. - No hay nada que contar. || ¿Tú cuentas la historia o lo hago yo? || - Trueno. - ¿Tú cuentas la historia o lo hago yo? || Les contaré a todos. || Las ratas ya me contaron todo. No quieto."	sí	301.822	16	582.601	66	743.642	109	669.842	61	644.289	47
ayúdame	7	Casita, ayúdame. || Si la respuesta está aquí, ayúdame a encontrarla. || Ayúdame a proteger a la familia. || Ayúdame a salvar nuestro milagro. || ¡Ayúdame! || ¡Casita! ¡Ayúdame a subir!	no										
tiempo	7	Si está indispuesta, pues, los tiempos raros son. || ¿Saben qué? Yo creo que es tiempo de otra ronda. || Algo me dice que se nos acaba el tiempo. || El tiempo es momento. || Buscar algún rincón, el tiempo sigue cambiando. || Inseparables son y el tiempo sigue cambiando. || Los tiempos cambiaran.	sí	1076.59	43	828.993	82	1031.86	130	1666.14	105	1105.97	62
persona	7	¡Es que son muchas personas! || ¿Tal vez debas dejar las decoraciones a otra persona sí? || pero sí hay una persona en esta familia que puede oír todo sobre lo que pasa aquí. || si el hubiera tenido una visión sobre una persona, ¿qué significa..? || muchas personas empiezan a ponerse ansiosas por la magia. || a las personas raras de la familia y a veces les hacen mala fama. || una persona que no puedo ser.	sí	1259.1	43	1092.64	106	1324.79	157	1499.66	112	1850.8	92
okay	7	Okay, okay, okay, okay. || Okay, papi. || ¿Okay? || Mamá, hablé con Mirabel, okay.	sí	0	0	11.7661	2	0	0	0	0	0	0
mariano	7	Hey, es el señor Mariano, y ¿Puede usted casarse con mi hermana?, || Hablé con los Guzmán de la propuesta de matrimonio de Mariano a Isabela. || Oye, Mariano va a llegar. || ¡Oye Mariano va a llegar! || mi Mariano quiere empezar con una canción. || ¡Mariano tiene la nariz aplastada como una papaya! || Hey, Mariano, ¿qué traes tú?	sí	0	0	0	0	0.7751	1	0	0	0	0
necesitar	7	Camilo, ¡necesito otro José! || Te necesito. || Necesito encontrar || Y es un problema, porque necesitamos un espacio abierto. || La familia nos necesita a bruno y tú tienes que salir de aquí. || Eres justo lo que familia necesita.	sí	754.549	28	784.386	92	657.127	99	386.233	40	262.026	18
ayudar	7	En realidad Isa, estoy ayudando. Está bien? || Mirabel, sé que quieres ayudar, amor. || Por favor, que alguien me ayude a entender. || ¿Que tú y no puedes ayudar? || ¿Pero por qué abrazar a isabella ayudaría en algo? || Ven, deja que te ayude. || Sólo quería ayudar.	sí	307.035	15	266.346	37	436.21	69	374.877	37	317.792	20
entender	7	- ¡Ovejas! - Y lo entiendo. || Sí, te entiendo. || Por favor, que alguien me ayude a entender. || ¿Solo no entendían lo que veía? || Es que no lo entiendo. || Tío, que no entiendo por qué te fuiste pero no te fuiste. || Abuela. Ya puedo entender.	sí	137.453	8	258.04	35	447.002	71	314.034	41	407.271	26
feliz	7	eso me pondrá mucho más feliz que nunca. || Fue un día feliz, pero es verdad. || La abuela estaba feliz. La familia estaba feliz. || Pero es que... Isabela no se sentía feliz. || Claro que no está feliz. Arruinaste su propuesta. || Estoy tan feliz de verte bien.	sí	213.463	12	208.541	26	237.817	37	117.702	12	103.119	8
abrazar	7	tengas algo que a abrazar al dormir. || ¿Peleando o abrazando? || ¿Abrazar a quién? || ¿Pero por qué abrazar a isabella ayudaría en algo? || Abrazando a tu hermana. || Ella nunca me abraza, ¿Okey?. ¡Ella me odia! || Mientras se abrazan con sentimiento.	sí	7.1507	1	53.004	12	33.2083	6	11.3324	2	26.3283	2
boda	7	- Justo en mi boda fue En nuestra boda fue. || Boda en un huracán. || Justo en mi boda fue En nuestra boda fue || y en tu boda preocuparte.	sí	3.0086	1	38.4936	5	50.718	11	44.6546	6	333.756	14
pensar	7	Pero no sabía lo que dirían sabía lo que iban a pensar || porque soy bruno y todo el mundo piensa lo peor así que... || pienso que... || Piensa en la familia. || Estaba pensando en mi hija. || Si veo algo que no te guste vas a pensar: || Y aprovecho el momento, por si quisieras pensar en mí.	sí	868.745	36	1495.35	150	1457.73	200	759.417	80	706.34	50
ojo	6	Abre los ojos. || Y unos ojos que al ver quieran mirar. ¡Ábrelos ya! || Ábre mis ojos. || y luisa oía ese tic de su ojo toda la noche. || Hoy tus ojos se abren Al fin de este sueño podrás despertar.	sí	242.826	11	464.086	48	479.127	59	223.437	22	380.775	19
vivir	6	Y nos bendijo con un refugio donde podríamos vivir. || En este hogar vive nuestra descendencia . || Tal vez tu don es vivir en negación. || Y vivir solo un momento || ¿Has vivido aquí reparando las grietas? || Irremediablemente, aquí, viviendo ahora en el momento.	sí	1614.81	66	1663.1	172	1320.39	181	1323.03	121	1171.9	67
hora	6	Sí, casita, ya es hora. || ¡Una hora! || La abuela dice ya es la hora. || Vamos, es hora de ir a tu puerta. || ¡Hora de la foto! || ¡Hora de comer!	sí	620.441	26	628.045	79	761.008	100	652.666	54	513.084	32
cosa	6	"No es poca cosa — Siempre digo yo, sí, || Ay te amo cosa linda. || Nada. Tengo cosas que hacer así que tal vez quieras irte a casa. || Solo vine por las últimas cosas de toñito, || ""Bruno provoca cosas malas y qué miedo y su visión seguro mató a mi pez"". || Yo no creo que provoque esas cosas malas."	sí	1121.63	42	1381.31	128	1244.99	147	1146.16	85	880.65	54
ay	6	- ¡Ay, así es físicamente imposible relajarse! - ¡Cuéntanos todo! || Ay te amo cosa linda. || Ay perdón, es que fui ... || ...y como ya dije ay comida sabrosa gratis. || Ay oruguitas, no se aguanten más.	sí	57.2053	6	190.705	23	63.758	10	22.8279	3	142.071	1
futuro	6	Podía ver el futuro, él desapareció . || me suplicó ver hacia el futuro buscar la razón. || Tu futuro no estaba decidido. || No puedes apresurar el futuro. || Hay que partir y construir su propio futuro.	sí	21.9512	2	45.9514	8	206.103	31	87.741	12	176.623	9
hey	6	¡hey, ahí voy! || Hey, es el señor Mariano, y ¿Puede usted casarse con mi hermana?, || ¡Hey! || - Casi lo puedo oír - Hey, tú. || - Pero así estaré bien. - Hey, todo el mundo venga a ver. || Hey, Mariano, ¿qué traes tú?	no										
gracias	6	Mas debo decir que es un poco caprichosa Y ya hablé de más, mil gracias, pues me debo retirar. || Gracias. || - Gracias. - No es nada. || Nos salvamos gracias a ti. || Se nos concedió un milagro gracias a ti. || Somos una familia y todo gracias a ti.	no										
listo	6	Y nada está listo. || Ok parcerito, ¿estás listo? || Mirabel, olvídalo. Tenemos que estar listos para los Guzmán. || Todo estaba listo, con un clima precioso esa vez. || - Todo estaba listo, con un clima precioso esa vez. - Ninguna nube esa vez. || pero estoy lista para hacer una mejor hermana contigo.	sí	0	0	8.5118	3	23.9331	6	3.4456	1	37.8856	4
isa	6	En realidad Isa, estoy ayudando. Está bien? || ¿Isa? ¡Hola! || Isa, algo me dice que estás molesta. || Isa... || ¿Isa? || ¿Isa? Esta es la parte en que...	no										
mamá	6	Lo sé, mamá. || - ¡Pepa! ¡Tienes una nube! - Ya sé, mamá. || Mamá, hablé con Mirabel, okay. || ¡Mamá! || Mamá, siempre has sido muy dura con Mirabel. || Salió a su mamá.	sí	421.393	16	161.759	21	161.586	26	24.3369	5	0	0
cuarto	6	- Pónganse aquí. - ¡Limpien los cuartos! || te quedarías aquí en este cuarto conmigo. || Pero sí, te extrañaré mucho tener al mejor compañero de cuarto. || Lo hice para que cuando te cambies a tu increíble cuarto, || Bruno, ¡tú cuarto es el peor! || Use en mi cuarto.	sí	7.1507	1	153.134	20	132.664	18	65.3839	4	34.0313	4
buscar	6	Todo el mundo te está buscando. || Busca esa visión. || ¡Espera! ¡Como busco una visión? ¡Cómo sé lo que debo buscar? || me suplicó ver hacia el futuro buscar la razón. || Buscar algún rincón, el tiempo sigue cambiando.	sí	765.863	34	849.713	95	483.773	96	782.422	76	513.141	35
puerta	6	Recibirás tu don y abrirás la puerta || Ojalá tuvieras una puerta. || y estar contigo al recibir tu don y tu puerta... || Abriendo puertas, va llegando la madrugada || Te esperaremos en tu puerta. || Vamos, es hora de ir a tu puerta.	sí	162.853	9	555.964	46	369.195	46	204.449	20	339.089	15
vas	6	Pepe, amor vas a dejarlo empapado. || si vas a servir a la comunidad || pero tal vez se pasó algo y tal vez yo de vas a verlo. || El permiso. Vas a hacer que se me caiga un burro. || Si veo algo que no te guste vas a pensar: || No vas a ser bella, hoy descubriré quien soy.	sí	4.8253	1	6.4847	2	15.0691	4	10.8117	2	66.2997	6
daño	6	No me hace daño, seguiré. || ¿Qué está daño por la magia? || ¿Te digo cómo hacer mejor hermana? Pídeme perdón por hacerme daño, Mirabel. || Mirabel, ¿te hiciste daño? || No quería hacernos daño. || Nunca le hiciste daño a la familia, Mirabell.	sí	0	0	2.0134	2	19.9989	5	22.8279	2	87.0846	7
huracán	6	No controlo el vendaval ni a un huracán. || Boda en un huracán. || Agradece que no es un huracán. || Un huracán de jacarandas.	sí	0	0	2.9415	1	0.7224	1	0	0	26.3283	2
espera	6	A la espera de algo mágico, sí, mágico. || ¡Espera! ¡Como busco una visión? ¡Cómo sé lo que debo buscar? || Espera. || Espera, ya casi... || ¡Espera! ¡Está bien! Pido perdón. || Espera. Ven aquí, ven aquí.	sí	5.3543	1	20.9667	4	22.9659	6	3.4456	1	28.4142	3
grieta	6	Las tejas se caían y grietas en todas partes, || Yo no vi las grietas. || Anoche, cuando viste las grietas, || ¿Has vivido aquí reparando las grietas? || Y la vela brillo más fuerte y las grietas... || Las grietas iniciaron contigo.	sí	0	0	0	0	0	0	0	0	18.9428	2
intentar	6	Toca a intentar. || ¿Quieres tu intentar? || - Podrías intentar. - Pero no. || No importa qué tanto intenté serlo. || No importa qué tanto lo intente cualquiera de nosotros. || - Intenté sujetarla. No podía. - El encanto se ha roto.	sí	42.2687	3	162.83	23	266.162	49	526.826	53	266.877	20
profundo	6	En lo profundo comienzo el truco en la cuerda floja que me marca el rumbo. || En lo profundo. Alguna vez: || En lo profundo, || En lo profundo. || En lo profundo La imagen que yo infundo	sí	5.3543	1	8.8246	3	23.4136	5	55.2672	7	25.5235	3
culpa	6	Y creo que es por culpa mia. || Bruno se fue por culpa tuya. || ¡Por culpa tuya! || El milagro agoniza por culpa tuya. || por culpa mía. || ¡Fue mi culpa!	sí	7.1507	1	2.9415	1	22.9634	5	58.0517	8	71.7298	6
inspiración	6	¿Quién sabrá si es inspiración? || - Ven aquí, ven aquí. - ¿Será inspiración? || ¿Será inspiración? || - ¿Será inspiración? - Tu nueva creación.	sí	0	0	0	0	10.6787	3	6.8912	2	8.5078	1
abuelo	5	tu abuelo Pedro y yo tuvimos que escapar de nuestro hogar. || Y perdimos a tu abuelo. || ¡Buenos días, abuelo! || ¿Dónde el abuelo Pedro...? || Has sufrido tanto abuela.	sí	548.673	24	170.487	18	139.758	23	76.5826	7	87.0846	5
bendecir	5	Y nos bendijo con un refugio donde podríamos vivir. || el milagro bendijo a cada uno, con un don mágico para ayudarnos. || Qué sigas bendiciendo tu encanto || Te sigue bendiciendo tu encanto || esta vela nos bendijo con un milagro.	sí	0	0	0	0	0	0	0	0	8.5078	1
asombroso	5	Tu eres asombrosa, Mirabel Madrigal. || - Familia asombrosa. - Mirabel. || Porque tengo una asombrosa familia || y una asombrosa casa. || Y un asombroso tú.	sí	0	0	0	0	5.1144	2	0	0	17.0156	2
favor	5	¡Tranquilos, por favor! || Por favor, que alguien me ayude a entender. || La crema, ¿por favor? || Luisa, ¿quiere extraer el piano por favor? || Señora, ¡por favor!	sí	5.0445	1	6.4082	2	43.2849	7	57.1334	6	104.185	9
tía	5	Mi tía Pepa, su humor afecta el clima. || ¡Tía! Qué haces. || ¿Tía Pepa? Si Bru... || Sí, porque ya su tía tiene amnesia, || así que no sabe que realmente su tía,	sí	5.0445	1	0	0	0	0	0	0	0	0
julieta	5	Ella es mi ma' Julieta, y sin dudar. || El tío Félix quiso a Pepa, y mi pa' quiso a Julieta . || Mi mami Julieta tranquila te deja con solo una arepa. || Julieta, ¡ven rapido! || ¡Julieta!	no										
amar	5	Dos tipos que amaban a los Madrigal. || Ay te amo cosa linda. || pero amo a mi familia, en serio. || Él ama esta familia. || Yo amo a esta familia. Todos amamos a la familia.	sí	73.7229	5	26.1409	6	60.2872	11	67.0648	10	38.1253	3
camilo	5	Camilo muta, Antonio hoy recibe el don. || Mi primo Camilo que no se detiene y te hará reír. || Camilo, ¡necesito otro José! || ¡Camilo! Deja de fingir que eres dolores solo para repetir. || Camilo. Cambia esa cara.	sí	0	0	1.3169	1	0	0	0	0	0	0
flor	5	(Isabela) con sus flores van a enloquecer. || ¡Está llevándose las flores! || ¿Acaso alguien dijo flores? || La más perfecta y bella flor... || Flor de Mayo, por el patio.	sí	134.474	8	223.078	26	244.086	32	24.1194	6	166.878	12
alguien	5	Dolores, ¿oyes si alguien llega tarde? || ¿Acaso alguien dijo flores? || Por favor, que alguien me ayude a entender. || Así que si alguien sabe qué le pasa. || Hay alguien más contigo.	sí	134.981	7	403.988	36	492.797	63	491.687	42	481.721	31
alto	5	Levántalo más alto. Más alto. || ¡Alto! || Fue porque las montañas que rodean el encantan son super altas y...	sí	493.258	21	406.351	54	409.281	65	356.612	39	603.937	35
razón	5	Tiene razón, amor. || Es el lugar está prohibido por una razón. || No tengo una buena razón, pero de tenerla me dirías: || me suplicó ver hacia el futuro buscar la razón. || Mirabel estaba en la visión por una razón.	sí	120.743	8	168.555	21	196.059	34	203.149	21	194.012	15
depender	5	Todo el pueblo depende de nuestra familia, de nuestros dones. || Al final, todo dependerá de ti. || Todo dependerá de mí, así que quiero, que tengas otra visión. || El destino de la familia no no depende de ella. || Depende de ti.	sí	0	0	115.998	15	108.737	19	142.251	16	65.54	5
encontrar	5	Pero no logro encontrar a antonio que más quieres saber. || Necesito encontrar || ¿Todavía no la encuentran? || ¡Es ella! ¡La encontró! || ¡Yo la encontró!	sí	1015.49	42	1035.47	108	1222.38	189	1101.44	106	839.591	62
estás	5	¿Estás nervioso? || Ja, ja, ja. Ahí estás. || Mírate. Estás tan grande. || Estás muy sudada. || Estás viendo lo mismo que yo.	no										
seguir	5	Siguen abiertas y el café se cuela en la casa || No me hace daño, seguiré. || Nadie a mí alrededor sigo añorando. || Llenas de hambre, siguen andando. || Siguen creciendo, no saben cuando.	sí	413.31	20	631.803	72	839.672	133	689.994	71	454.173	33
guzmán	5	Hablé con los Guzmán de la propuesta de matrimonio de Mariano a Isabela. || Mirabel. Ah, tengo que recoger a los Guzmán para compromiso de Isabella. || Mirabel, olvídalo. Tenemos que estar listos para los Guzmán. || Mientras esté en los Guzmán nunca te metiste a la torre de Bruno, || Los Guzmán y los Madrigal juntos le van a hacer un gran bien al encanto.	no										
propuesta	5	Hablé con los Guzmán de la propuesta de matrimonio de Mariano a Isabela. || Por tu propuesta que deberías hacer. || Y claro no sé si supiste yo le dañe su propuesta. || Claro que no está feliz. Arruinaste su propuesta. || No, es que yo debía arruinar su propuesta.	sí	0	0	17.732	5	10.2422	3	65.2348	10	58.8744	5
dañar	5	Luisa, si sabes qué daña la magia || ¿Qué está dañando a la magia? || si voy a dañar a mi familia, || Y claro no sé si supiste yo le dañe su propuesta. || pero no es una excusa para que sigas dañando a esta familia.	sí	0	0	0	0	4.2521	2	23.2818	4	25.5235	3
presión	5	Y si cedo al peso con presión, presión que jamás soltó,. || Sin peso con presión, presión que jamás soltó. || ¡Sin presión! ¡Sin peso!	sí	0	0	6.1298	2	17.9315	7	67.6347	7	51.0469	3
sol	5	Soleado y que el sol salga. || Una magnífica rocío del sol || hasta el cielo y alcanza ​al Sol. || Yo querré Sol y un fertilizante. || al Sol.	sí	310.465	15	364.262	40	338.065	39	140.917	14	249.635	11
oruguita	5	Dos oruguitas, enamoradas. || Dos oruguitas, paran el viento. || Ay oruguitas, no se aguanten más. || Dos oruguitas, desorientadas.	no										
pedro	4	tu abuelo Pedro y yo tuvimos que escapar de nuestro hogar. || Pedro. || ¿Dónde el abuelo Pedro...? || Le pedí a mi y Pedro su ayuda.	no										
peligro	4	no pudimos escapar de peligro. || ¡La casa está peligro! ¡La casa está peligro! || y vi la magia en peligro.	sí	7.1507	1	40.8978	8	75.242	11	40.545	4	48.776	4
comunidad	4	Fortalecerás a la comunidad, y a nuestro hogar también. || ha sido usar nuestros dones para servir a esta preciosa comunidad. || si vas a servir a la comunidad || Okey. La comunidad cuenta con nosotros.	sí	50.0922	3	138.419	17	80.6613	12	87.4799	10	255.171	15
orgullo	4	Trairás orgullo a tu familia || Traer orgullo a mi familia. || Traer orgullo a tu familia. || y nos llene de orgullo.	sí	0	0	1.0067	1	3.0199	2	3.4744	1	18.9428	2
traer	4	Traer orgullo a mi familia. || Traer orgullo a tu familia. || Nos trajo aquí y a todos nos cuidó. || Hey, Mariano, ¿qué traes tú?	sí	287.993	13	181.571	24	223.726	35	118.266	15	102.635	9
ceremonia	4	La ceremonia de mi primo será hoy. || La última ceremonia de don fue un fracaso. || Es la primera ceremonia desde la tuya. Están nerviosos. || Si la ceremonia del don, sale bien esta vez,	sí	0	0	2.9415	1	75.9856	14	10.4233	3	297.807	11
clima	4	Mi tía Pepa, su humor afecta el clima. || - ¿Y Mirabel? - Comienza la abuela y luego tía Pepa, que el clima gobierna . || Todo estaba listo, con un clima precioso esa vez. || - Todo estaba listo, con un clima precioso esa vez. - Ninguna nube esa vez.	sí	333.073	16	47.3446	9	54.965	11	46.1169	6	37.8856	3
brazo	4	Hemos jurado abrir los brazos . || ¿Sabes qué? A mis brazos. || Abrazos gratis, a mis brazos. || De mis brazos, brotan rosas.	sí	73.2272	4	81.5694	16	107.122	15	64.2557	8	77.6046	6
prima	4	Oiga, ¿cuál es la hermana y cuál es la prima? || Mi prima Dolores estando a lo lejos te puede oír. || De mis primas mayores tú eres mi favorita, || ¿Sabes? Mi prima es como tú ¿Has visto a Dolores?	sí	15.1336	3	34.5754	6	3.9457	3	22.575	3	8.5078	1
comenzar	4	- ¿Y Mirabel? - Comienza la abuela y luego tía Pepa, que el clima gobierna . || comienza a tronar Se va a desmoronar, || comienza a derrumbarse. || Comienza a elevarme	sí	79.9351	5	85.888	14	124.96	23	221.292	26	262.026	15
pedir	4	Me pidieron que contara todo lo de mis hermanas Y primos y. || Bendiciones te pido, aunque no tenga un don. || ¡Espera! ¡Está bien! Pido perdón. || Le pedí a mi y Pedro su ayuda.	sí	428.442	20	392.955	53	466.059	82	724.336	72	517.647	39
hablé	4	Mas debo decir que es un poco caprichosa Y ya hablé de más, mil gracias, pues me debo retirar. || Mamá, hablé con Mirabel, okay. || Hablé con los Guzmán de la propuesta de matrimonio de Mariano a Isabela. || ¿Por qué hablé sobre Bruno?	no										
único	4	Te traje el especial, por ser la única Madrigal que no tien un don. || La única preocupada por la magia eres tú. || y lo único que tú has hecho por mí es empeorar todo. || No es simétrico o perfecto, pero es único.	sí	93.7304	6	261.622	32	378.232	59	442.555	45	328.658	24
resto	4	soy realmente especial igual que resto de mi familia. || Solo quiero hacer mi parte como el resto de la familia. || y dejar que el resto de la familia haga lo que hace mejor. || que impongan y el resto ignore el	sí	64.756	5	66.1398	12	71.6801	14	186.551	22	179.451	12
lograr	4	Pero no logro encontrar a antonio que más quieres saber. || Nunca dudé que lo lograría. || Lograrán mirar quien puedo ser yo. || ¿Qué lograría si creciera el sentimiento del momento?	sí	0	0	6.6654	4	72.7394	15	167.319	20	194.012	15
preocupar	4	Tú no te preocupes por mí. || Como el problema con la magia de anoche que no le preocupa a nadie más || Es muy obvio que algo te preocupa. || A la abuela le preocupó la magia así que	sí	148.325	10	113.884	17	222.971	41	179.411	20	194.012	13
colombia	4	Colombia, te quiero tanto	sí	0	0	0	0	0	0	1.826	1	0	0
despertar	4	No me despierten, que esto parece un sueño real || Grita mientras tiembles al despertar. || Hoy tus ojos se abren Al fin de este sueño podrás despertar. || Debemos despertar.	sí	38.399	4	50.5172	10	70.2338	14	26.1486	4	34.0313	3
sueño	4	No me despierten, que esto parece un sueño real || y su hermoso cabello de un sueño pero... || Hoy tus ojos se abren Al fin de este sueño podrás despertar. || Con sueños nuevos, ya solo falta	sí	21.4995	2	216.446	28	99.9738	18	65.718	9	171.225	12
respuesta	4	Fui paciente y no obtuve respuesta. || Si la respuesta está aquí, ayúdame a encontrarla. || Y no había una sola respuesta. Un destino claro. || No. Tengo que ver lo que sucederá. Tiene que haber una respuesta.	sí	127.382	7	172.516	19	128.16	20	274.814	25	236.931	17
caer	4	Las tejas se caían y grietas en todas partes, || El permiso. Vas a hacer que se me caiga un burro. || se cae en un segundo. Levanto el dominó. || ¡Mirabel! ¡La casa se va a caer!	sí	32.4278	3	83.6891	23	209.727	37	140.916	16	278.855	18
bello	4	- ¡Bello corazón, lindas gafas! || Tan simple y bello en vez del peso. || La más perfecta y bella flor... || No vas a ser bella, hoy descubriré quien soy.	sí	71.2639	6	115.274	22	122.48	26	75.0977	9	71.7298	5
hola	4	Dolores, hola. || Hola. || ¿Isa? ¡Hola! || Hola casita.	sí	763.541	35	151.231	26	174.067	24	78.9976	9	28.4142	3
problema	4	Como el problema con la magia de anoche que no le preocupa a nadie más || Esta noche no podemos tener más problemas. || Y es un problema, porque necesitamos un espacio abierto. || Algunos tenemos problemas peores,	sí	574.551	23	681.763	73	750.376	111	572.087	51	1065.92	68
burro	4	- Luisa, los burros otras veces salieron. - Ya voy. || El permiso. Vas a hacer que se me caiga un burro. || - ¡Luisa! ¡Los burros! - ¡Ya voy! || esta vez o sentir mal así que agarré a todos los burros	sí	0	0	1.3169	1	7.8205	3	24.1194	4	26.3283	2
gota	4	Es peso que con gota a gota lo reventó. || Peso que con gota a gota lo reventó.	sí	7.1507	1	2.9415	1	13.6397	3	17.3266	3	8.5078	1
torre	4	Pero si algo le pasa a la magia, empieza en la torre de Bruno. || Me metí en la torre de  Bruno. || Mientras esté en los Guzmán nunca te metiste a la torre de Bruno, || Sí, sí, desde mi torre que estaba llena de escaleras y..	sí	29.3409	3	27.6239	5	6.8564	3	24.9545	5	0	0
escalera	4	Muchas escaleras. || Hay muchas escaleras en la Casa Madrigal. || ¡Quantas escaleras que hay aquí! || Sí, sí, desde mi torre que estaba llena de escaleras y..	sí	10.7086	2	17.6492	6	34.5435	7	37.6968	4	0	0
subir	4	Podría haber otra forma de subir con nuestra magia, pero no. || Por subir (¡sí!) Y enredar! || - Por subir (¡sí!) || ¡Casita! ¡Ayúdame a subir!	sí	229.372	15	228.247	41	258.957	43	163.288	17	184.083	13
isabella	4	Mirabel. Ah, tengo que recoger a los Guzmán para compromiso de Isabella. || ¿Pero por qué abrazar a isabella ayudaría en algo? || - ¡Tenía que ser Isabella! - ¿Mirabel? || Luisa se queda sin poderes. Isabella está fuera de control.	no										
justo	4	- Justo en mi boda fue En nuestra boda fue. || Él dijo: ¡Serás panzón! — y justo así fue. || Justo en mi boda fue En nuestra boda fue || Eres justo lo que familia necesita.	sí	42.1847	3	20.5907	6	32.362	7	84.4978	9	65.54	5
destino	4	Él vio en mí un destino gentil. || Y no había una sola respuesta. Un destino claro. || el destino del milagro en si... || El destino de la familia no no depende de ella.	sí	66.5584	4	2.6337	2	92.8158	15	103.92	14	8.5078	1
derrumbar	4	La magia agoniza, la casa se derrumba en donde Luisa se pierde. || la magia no está agonizando, no se derrumba la casa. || - Tu eres la que derrumba nuestro hogar. - Nunca te atrevas... || Y no hay nada que se pueda derrumbar...	sí	0	0	0	0	0	0	6.8912	2	0	0
lleno	4	Sí, sí, desde mi torre que estaba llena de escaleras y.. || Palma de cera llena el aire Y va escalando en expansión. || Nuevo hogar, tan lleno de esperanza.	sí	288.668	15	324.86	41	216.56	38	135.608	15	150.618	12
gustar	4	Dime qué te gusta. ¿Te gustan los deportes? || Si veo algo que no te guste vas a pensar: || Te gusta hablar.	sí	2189.64	69	1570.3	155	1329.64	173	1144.26	86	742.034	53
ven	4	Ven aquí. || Espera. Ven aquí, ven aquí. || - Ven aquí, ven aquí. - ¿Será inspiración? || Ven, deja que te ayude.	no										
año	3	Hace años, || Y cada año hay más bendición. || Hace cincuenta años,	sí	2638.66	72	2676.7	198	2268.73	235	2694.92	178	2613.84	107
esperanza	3	con esperanza un nuevo hogar, || Mira este hogar, aun guarda esperanza. || Nuevo hogar, tan lleno de esperanza.	sí	7.1507	1	24.4394	5	15.0522	6	48.589	6	91.3883	7
suceder	3	sucedió un milagro. || ¿Qué le sucede? ¿Qué escondes ? || No. Tengo que ver lo que sucederá. Tiene que haber una respuesta.	sí	5.0445	1	11.9743	4	71.7412	15	143.7	16	52.6565	4
paraíso	3	han hecho a nuestra nueva hogar, un paraíso. || Sigue bailando, contento en mi paraíso Y revelando milagros en cada piso. || ¡Ahí tienes! Sigue bailando, contento en mi paraíso Y revelando milagros en cada piso.	sí	41.9605	3	15.0411	4	5.3308	2	25.7397	4	34.0313	4
fiesta	3	Hay fiesta y música con ritmazo sin igual. || Y revelando milagros en cada piso. Noche de fiesta, todos llegan para gozar || Noche de fiesta, todos vienen a celebrar Y revelando milagros en cada piso. Y revelando milagros en cada piso.	sí	199.557	9	593.323	58	884.306	87	147.35	16	577.418	22
encantar	3	El mundo encantan con su brillo personal. || Fue porque las montañas que rodean el encantan son super altas y... || Les encanta la comida gratis, ¿verdad?	sí	405.906	22	521.513	60	215.048	55	304.211	30	132.599	14
brillo	3	El mundo encantan con su brillo personal. || Para que la vela brilla tienes que darle un abrazo. || Y la vela brillo más fuerte y las grietas...	sí	0	0	0	0	0	0	12.2342	2	9.4714	1
bendición	3	Y cada año hay más bendición. || y pronto encontraremos cómo aprovechar la bendición que recibiste. || nos va a dar otra generación de bendiciones mágicas.	sí	0	0	0	0	5.2033	2	0	0	8.5078	1
gente	3	Hogar de mi gente, Madrigal. || rodeados por gente excepcional nos sentíamos tan...	sí	934.85	30	837.818	71	1046.27	109	635.223	64	624.222	36
fantástico	3	En donde todos son fantásticos y mágicos. || Les sonará tal vez fantástica y mágica.	sí	213.292	11	118.649	18	98.4114	18	91.9181	12	50.2059	4
imposible	3	- ¡Ay, así es físicamente imposible relajarse! - ¡Cuéntanos todo! || Bueno, en ese imposible caso tú, || Él vio en mí un amor imposible pactado al fin.	sí	3.0086	1	113.757	17	152.702	29	62.4261	9	141.296	10
comida	3	Con su comida, cura todo mal. || ...y como ya dije ay comida sabrosa gratis. || Les encanta la comida gratis, ¿verdad?	sí	913.555	38	479.668	51	338.114	55	198.774	16	196.62	12
félix	3	El tío Félix quiso a Pepa, y mi pa' quiso a Julieta . || Cuando tú tío Félix y yo nos unimos a esta familia, || - ¡Era una pesadilla! - ¡Félix!	no										
pueblo	3	El pueblo vibra, el mundo gira. || Todo el pueblo depende de nuestra familia, de nuestros dones. || El pueblo viene para acá.	sí	563.403	23	347.958	39	362.433	51	575.033	40	624.222	29
oir	3	Dolores oye hasta una aguja. || y luisa oía ese tic de su ojo toda la noche. || Luisa, oye. ¿Qué?	sí	5.0445	1	41.9335	7	30.5133	10	0	0	0	0
perfección	3	Una con fuerza, la otra es perfección . || (Isabela) es la perfección de pie. || Pero esta noche, debe salir a la perfección.	sí	0	0	1.4122	1	1.2931	1	3.4744	1	0	0
tranquila	3	Mi mami Julieta tranquila te deja con solo una arepa. || Tranquila, mami. A ver inhala, y exhala. || ¿Abuela? Tranquila.	no										
lindo	3	- ¿Y Mirabel? - Mi padre Agustín, pues, le pasa de todo, mas lindo es. || - ¡Bello corazón, lindas gafas! || Ay te amo cosa linda.	sí	118.109	11	181.155	29	153.542	34	3.4456	1	9.4714	1
increíble	3	<¡Iba a contarnos cuál es su increíble don!> || Lo hice para que cuando te cambies a tu increíble cuarto, || Ha sido increíble.	sí	133.808	7	100.134	18	53.9127	12	50.0197	6	38.8023	3
funcionar	3	Y esa fue la tuya y no funcionó. || ¿Y qué pasa si no funciona? || Esto no funcionará.	sí	111.567	7	107.744	17	91.0721	15	197.394	21	118.465	7
poner	3	Si yo fuera tú, eso me pondría triste. || eso me pondrá mucho más feliz que nunca. || Dime qué te puso nerviosa.	sí	887.874	38	988.964	113	1128.38	171	1133.8	106	1210.02	80
cuidado	3	¡Voy! Cuidado, hermanita. || Ten mucho cuidado. || ¡Cuidado, Antonio!	sí	31.4243	2	32.6249	6	21.0611	5	88.2809	10	143.298	11
demostrar	3	¡No tienes nada que demostrar! || Les demostraré valor. || Dáselo a tu hermana, que nos demuestre,	sí	21.3159	2	28.1512	5	65.6045	14	128.846	16	236.931	18
difícil	3	Esta noche será difícil para ella. || será una noche difícil para todos. || Lo que creo es que hoy fue un día difícil para...	sí	237.08	13	233.589	28	310.854	51	204.689	25	196.62	14
ojalá	3	Ojalá tuvieras una puerta. || Ojalá pudieras verte, como yo lo hago. || Suerte. Ojalá hubiera visto más.	sí	0	0	1.9216	1	2.2836	1	3.4456	1	0	0
dormir	3	tengas algo que a abrazar al dormir. || Voy a dormir un poco. || De noche, antes de dormir, tus poesías sueles escribir.	sí	587.353	28	582.882	68	461.229	66	254.952	24	255.591	21
bailar	3	Sigue bailando, contento en mi paraíso Y revelando milagros en cada piso. || ¡Ahí tienes! Sigue bailando, contento en mi paraíso Y revelando milagros en cada piso. || ¡Miraboo! Lista para bailar, siento...	sí	293.894	12	212.325	30	359.8	54	147.318	17	143.459	11
ja	3	Ja, ja, ja. Ahí estás.	sí	0	0	3.1564	1	0	0	10.3369	1	0	0
orgulloso	3	Qué orgulloso está tu papá, mi niña. || Quería ver a mi familia, orgullosa de mí. || proteges a tu madre y orgullosa está.	sí	46.5183	4	16.442	4	0.7224	1	6.8912	2	58.8744	3
papá	3	Qué orgulloso está tu papá, mi niña. || ¿Papá? || Papá, ¿la crema?	sí	267.686	10	96.5206	12	75.475	11	42.6999	4	38.8023	3
servir	3	ha sido usar nuestros dones para servir a esta preciosa comunidad. || si vas a servir a la comunidad || Mi don no le servía a la familia,	sí	44.4532	3	195.014	25	317.98	46	364.354	34	322.142	23
precioso	3	ha sido usar nuestros dones para servir a esta preciosa comunidad. || Todo estaba listo, con un clima precioso esa vez. || - Todo estaba listo, con un clima precioso esa vez. - Ninguna nube esa vez.	sí	343.923	17	110.656	17	66.0611	13	51.2554	7	37.8856	3
quieres	3	¿Quieres ir adónde? || ¿Quieres tu intentar? || ¿Quieres casarte...?	no										
rápido	3	¡Todos vengan! ¡Rápido, rápido, rápido!	sí	179.094	10	68.3121	15	158.042	28	132.237	14	157.61	9
brillar	3	Desde aquí los contemplo al brillar. || juntos brillar. || Esperará su momento de brillar.	sí	21.452	2	11.6688	3	29.5213	7	3.4456	1	25.5235	3
monte	3	Yo no muevo montes, || Y moveré los montes. || Muevo montes, muevo valles.	sí	5.0445	1	44.0715	5	29.2975	7	3.4744	1	28.4142	3
palma	3	No hago palmas florecer. || Palma de cera llena el aire Y va escalando en expansión.	sí	37.902	3	5.8831	2	3.0683	2	15.207	3	9.4714	1
dar	3	Yo no doy remedios. || Primero, les daré un aviso. || ¡Yo le di una visión!	sí	1202.33	50	1600.47	171	1926.6	253	1836.33	172	1990.97	138
abrelos	3	¡Abrelos ya! ¡Abrelos ya! || Abrelos ya.	no										
parte	3	Las tejas se caían y grietas en todas partes, || Más bien todas partes. || Había abejas en todas partes.	sí	408.846	20	523.08	57	492.729	76	868.186	73	846.401	44
malo	3	No hay nada malo con la casa madrigal. || ¿Por qué pasaría algo malo? || Eres una mala influencia.	sí	148.195	8	214.511	30	203.221	33	251.657	26	274.464	19
serio	3	¿En serio es lo que crees? || pero amo a mi familia, en serio. || eso es bastante serio hermanita.	sí	134.427	8	206.816	24	119.973	21	93.089	10	64.8818	5
camino	3	Mira, mi hermano bruno perdió en el camino en esta familia. || Con claridad ya veo el camino || Ya no importa, podremos nuestro camino hacer.	sí	471.391	19	169.845	21	139.046	22	127.086	13	156.3	12
oye	3	¡Oye! || ¡Oye Mariano va a llegar!	no										
anoche	3	Como el problema con la magia de anoche que no le preocupa a nadie más || ¿Será que sabes algo sobre lo que pasó anoche con la magia? || Anoche, cuando viste las grietas,	sí	0	0	29.6518	4	51.5759	10	10.3369	2	18.9428	2
rata	3	Y las ratas que hablan entre los muros. || Terror en su faz, ratas por detrás. || Las ratas ya me contaron todo. No quieto.	sí	0	0	2.9415	1	0	0	0	0	9.4714	1
tic	3	y luisa oía ese tic de su ojo toda la noche. || Dolores dijo que tenías un tic. Eso nunca te pasa. || Tienes otra vez el tic...	sí	0	0	1.0067	1	0	0	6.9489	1	0	0
ayudo	3	- Si no puedes poner atención yo, te ayudo. - Yo... || - Yo ayudo a Luisa. - Para. || Creo que mi esfuerzo es nulo si siento que no ayudo.	no										
duro	3	así que hoy trabajaremos el doble de duro. || Mi coraza es del hierro más duro. || Mamá, siempre has sido muy dura con Mirabel.	sí	21.359	2	143.386	18	120.946	27	112.574	12	71.7298	6
nerviosa	3	Dime qué te puso nerviosa. || Luisa está bien. No me siento nerviosa. || Sudabas nerviosa y solo quería ayudarte.	no										
empeorar	3	y luego empeora porque no quieres decirme qué pasa... || Algo me inquieta y se empeora, yo debo salvar a todo el mundo. || y lo único que tú has hecho por mí es empeorar todo.	sí	0	0	0.1104	1	0	0	3.4456	1	0	0
dáselo	3	Dáselo a tu hermana, pon en sus manos. || Dáselo a tu hermana, que nos demuestre, || Dáselo a tu hermana sin preguntarte	no										
cargar	3	Ve también si carga nuestros sufrimientos. || Estás cargando demasiado. ¡Beso! || así que traté de no cargar tanto pero eso me retraso en mis tareas	sí	7.1507	1	6.9008	2	25.2096	5	56.4843	7	65.54	3
empezar	3	Pero si algo le pasa a la magia, empieza en la torre de Bruno. || mi Mariano quiere empezar con una canción. || muchas personas empiezan a ponerse ansiosas por la magia.	sí	742.044	30	1310.6	135	983.045	147	1106.97	94	587.739	42
ten	3	Ten mucho cuidado. || Abuela, ten la sombrilla. || -Sabrás que lo tomé muy mal - Abuela, ten la sombrilla.	no										
prohibido	3	Es el lugar está prohibido por una razón. || Su amor está prohibido. || por eso su relación está prohibida.	no										
shu	3	¡shu, shu, shu!	no										
provocar	3	"Que bien. Ahora provoqué rayos y los rayos causan llovizna || ""Bruno provoca cosas malas y qué miedo y su visión seguro mató a mi pez"". || Yo no creo que provoque esas cosas malas."	sí	12.0516	3	3.4869	2	50.7297	11	217.612	22	210.626	16
llover	3	Veo que pronto lloverá. || - Bruno dice que parece que va a llover. - ¿Por qué se lo dijo? || Para ti, los demás, al llover, al nevar,	sí	186.915	9	77.1647	11	23.1298	7	22.4166	4	56.8283	4
miedo	3	"Miedo al ver a Bruno balbuceando y tropezando. || ""Bruno provoca cosas malas y qué miedo y su visión seguro mató a mi pez"". || Y tenía tanto miedo de perderla,"	sí	7.1507	1	162.525	20	324	42	223.562	22	259.763	14
cielo	3	Cielos despejados. || hasta el cielo y alcanza ​al Sol. || Al cielo alcanzando	sí	59.3173	5	139.806	20	78.2821	14	56.4472	6	179.451	10
familiar	3	De hecho, es tradición familiar cantar después. || Lo no sé. La familia tuvo un milagro que salva el milagro familiar. || Eres justo lo que familia necesita.	sí	258.875	8	144.384	19	136.993	20	75.4049	10	288.729	15
tocar	3	Toc, toc, toc. Toca madera.	sí	415.934	18	166.032	27	233.574	58	181.843	19	131.08	10
madera	3	Toc, toc, toc. Toca madera.	sí	71.6952	5	101.154	14	90.4147	18	132.013	8	61.1128	5
has	3	¿Has vivido aquí reparando las grietas? || Has sufrido tanto abuela. || ¿Sabes? Mi prima es como tú ¿Has visto a Dolores?	no										
hernando	3	Las reparaciones son obra de Hernando. || - ¿Quién es Hernando? - ¡Soy Hernando y no me asusta nada!	no										
gratis	3	...y como ya dije ay comida sabrosa gratis. || Les encanta la comida gratis, ¿verdad? || Abrazos gratis, a mis brazos.	sí	0	0	38.6816	8	1.2931	1	3.4456	1	8.5078	1
acabar	3	Eel peso del mundo no descansa sobre tus hombros. Se acabó. || Algo me dice que se nos acaba el tiempo. || que acabe olvidando para quién debía hacer ese milagro.	sí	42.2053	3	191.523	29	276.349	56	496.901	51	316.083	23
mala	3	Bruno provoca cosas malas y qué miedo y su visión seguro mató a mi pez. || Yo no creo que provoque esas cosas malas. || a las personas raras de la familia y a veces les hacen mala fama.	no										
parar	3	Es lo visión. ¡Tengo que parar! || ¡Tienes que parar ya, Mirabel! || Dos oruguitas, paran el viento.	sí	79.9912	5	16.6624	5	78.9758	15	91.8004	11	34.0313	3
alumbrar	3	Es la vela. ¡La vela alumbra más! || Más ardiendo han de alumbrar. || Ardiendo han de alumbrar.	sí	0	0	0	0	0.7224	1	0	0	9.4714	1
surgir	3	Lo que en mí va a surgir nadie va a impedir. || - Por surgir (por surgir) Por sembrar (terminar).	sí	0	0	1.3169	1	68.3588	14	105.995	16	129.764	9
creer	3	Creí que tendríamos una vida diferente. || Creí que yo podría ser una mujer diferente. || Tú eres nuestro don, cree en ti.	sí	545.077	25	1118.14	112	1067.94	167	1158.28	99	853.607	51
faltar	3	Con sueños nuevos, ya solo falta || Por terminar, miremos si algo falta. || - ¿Qué? - Falta un cerrojo.	sí	35.7751	3	113.587	16	190.862	32	166.344	18	89.1746	7
bebé	2	cuando mis tres bebés recién habían nacido || Esta noche. Quiere cinco bebés.	sí	46.5183	3	34.2236	7	49.9578	11	2.2844	1	76.2506	6
escapar	2	tu abuelo Pedro y yo tuvimos que escapar de nuestro hogar. || no pudimos escapar de peligro.	sí	23.6015	2	22.0786	5	13.6646	4	52.7757	8	118.465	8
unir	2	Y aunque muchos se nos unieron... || Cuando tú tío Félix y yo nos unimos a esta familia,	sí	32.3886	3	66.0683	9	91.0635	22	41.2852	8	116.407	9
oscuro	2	Pero, en nuestro momento más oscuro, || en el momento más oscuro,	sí	44.6364	3	34.7733	6	88.6495	17	30.1751	5	37.8856	4
apagar	2	La vela se convirtió en una llama mágica, que jamás se apagaría. || y casi se apagó la vela.	sí	0	0	59.2397	9	73.1831	13	5.2232	2	0	0
lugar	2	Un lugar maravilloso. || Es el lugar está prohibido por una razón.	sí	1333.27	46	739.826	79	532.494	76	819.555	71	725.437	45
maravilloso	2	Un lugar maravilloso. || Todos nos regocijamos por Antonio y su maravilloso don...	sí	208.641	12	214.686	30	137.318	21	42.8105	5	18.9428	2
hijo	2	Cuando mis hijos crecieron, || Y cuando sus hijos crecieron...	sí	741.506	29	359.674	44	565.715	73	792.919	57	652.786	30
darte	2	Esta noche, esta vela va darte tu don, mi vida. || Solo debes darte cuenta	no										
primo	2	La ceremonia de mi primo será hoy. || Mi primo Camilo que no se detiene y te hará reír.	sí	100.121	5	92.4082	12	39.405	9	29.6093	3	8.5078	1
averiguar	2	¡Ya lo hemos averiguar! || Averiguar lo que él le está pasando al milagro.	sí	0	0	8.4704	3	0.4332	1	2.2844	1	9.4714	1
formar	2	"Bueno, ""nosotros"", no les contaré sobre mí nada más. Yo formo parte de los sorprende Madrigal. || - También formo parte de. - Mirabel."	sí	131.638	8	158.564	23	239.492	42	334.027	35	315.939	24
paz	2	No me van a dejar en paz, ¿verdad? || Tú deja en paz a Luisa hasta que yo hable con ella.	sí	43.1073	3	161.327	18	83.5732	19	38.943	5	38.8023	3
música	2	Hay fiesta y música con ritmazo sin igual. || ¡Pongan música!	sí	1036.02	29	531.706	57	601.504	64	158.712	15	249.635	15
constelación	2	Es mi familia, constelación perfecta. || Y esta familia, constelación que estalla.	no										
olvidar	2	No hay que olvidar, la abuela lleva el show. || que acabe olvidando para quién debía hacer ese milagro.	sí	86.1596	5	150.372	22	323.207	53	201.788	20	259.763	19
cuidar	2	Nos trajo aquí y a todos nos cuidó. || Solamente cuidaba a mi familia,	sí	133.288	7	115.394	16	120.229	22	179.973	18	144.205	10
aprendo	2	- Nunca me aprendo todos los dones - ¡Yo no sé quien es quién! || Aprendo la lección, la magia no es un don.	no										
deberiar	2	Y por eso no deberías tomar café. || Por tu propuesta que deberías hacer.	no										
café	2	Y por eso no deberías tomar café. || Siguen abiertas y el café se cuela en la casa	sí	416.432	17	353.247	40	732.571	48	41.5765	6	131.641	10
humor	2	Mi tía Pepa, su humor afecta el clima. || y te digo la cura para el mal humor un fuerte abrazo.	sí	94.756	7	81.6751	12	116.737	19	17.5597	3	77.6046	5
raro	2	Si está indispuesta, pues, los tiempos raros son. || Raro el don de ir visualizando.	sí	10.7086	2	119.349	20	186.031	34	63.7448	7	143.298	10
desaparecer	2	Podía ver el futuro, él desapareció . || Mis poderes han desaparecido. No sé.	sí	14.3013	2	159.039	23	272.608	39	185.847	19	116.407	9
ma	2	Ella es mi ma' Julieta, y sin dudar. || ¡Ma'!	no										
cura	2	Con su comida, cura todo mal. || y te digo la cura para el mal humor un fuerte abrazo.	sí	0	0	7.1943	2	9.0766	3	0	0	38.8023	3
remedio	2	Sus guisos son remedios de verdad. || Yo no doy remedios.	sí	0	0	26.1793	6	30.4723	7	17.5597	3	66.2997	7
sonar	2	Les sonará tal vez fantástica y mágica. || Suena bien.	sí	10.7086	2	170.069	22	241.204	39	49.2402	6	37.8856	4
par	2	Pues ahora son un par de famosos Madrigal. || Son músculo y belleza sin par.	sí	56.8843	4	71.2292	9	80.4865	13	97.2118	10	122.226	8
esfuerzo	2	Esfuerzo y alegría encenderán nuestros dones . || Creo que mi esfuerzo es nulo si siento que no ayudo.	sí	0	0	3.5066	2	30.3714	7	109.111	12	129.764	10
generación	2	Y magia encendida tendrán por generaciones . || nos va a dar otra generación de bendiciones mágicas.	sí	14.476	2	44.8667	7	85.517	14	49.8977	5	59.5547	4
niño	2	Hay muchos niños aquí, rompimos el hielo . || La noche de mi niño debe ser perfecta y no lo es.	sí	1298.63	42	539.376	53	742.979	82	505.058	36	446.017	20
romper	2	Hay muchos niños aquí, rompimos el hielo . || - Intenté sujetarla. No podía. - El encanto se ha roto.	sí	0	0	54.0745	10	73.5861	15	106.845	13	141.296	11
ronda	2	¿Saben qué? Yo creo que es tiempo de otra ronda. || Otra ronda.	sí	0	0	3.5381	1	0	0	3.4744	1	0	0
fuerza	2	Una con fuerza, la otra es perfección . || (Luisa, Luisa, Luisa, Luisa) es fuerza irreal.	sí	85.2244	5	21.3619	7	53.3637	10	84.3859	10	170.576	11
músculo	2	Son músculo y belleza sin par. || y mis músculos, sé lo que valen.	sí	6.0172	1	16.0946	4	10.1609	3	11.3324	2	0	0
mami	2	Mi mami Julieta tranquila te deja con solo una arepa. || Tranquila, mami. A ver inhala, y exhala.	no										
lejos	2	Mi prima Dolores estando a lo lejos te puede oír. || Lejos de aquel regalo mágico, y aquí estoy.	sí	102.13	7	128.94	16	37.7618	10	22.3091	3	50.2059	4
contarno	2	<¡Iba a contarnos cuál es su increíble don!> || Debes contarnos de la magia.	no										
suerte	2	Y suerte para Antonio. || Suerte. Ojalá hubiera visto más.	sí	32.3886	3	138.042	19	219.793	31	108.409	13	164.311	13
fracaso	2	La última ceremonia de don fue un fracaso. || - ¡Soy un fracaso! - ¡Luisa!	sí	0	0	8.2104	3	9.8662	4	18.4738	2	48.776	4
amigo	2	Bueno mi querida amiga, no a mi. || Pero es bacano tener un amigo.	sí	1336.2	51	1052.89	101	1140.67	129	499.074	38	468.516	28
realmente	2	soy realmente especial igual que resto de mi familia. || así que no sabe que realmente su tía,	no										
quitar	2	Quita las bandejas de ahí. || No. ¡Quieto ahí!	sí	44.3643	3	29.9821	7	163.944	26	109.631	13	112.745	9
josé	2	Camilo, ¡necesito otro José! || ¡José!	no										
piano	2	Luisa, ¡el piano debe ir arriba! || Luisa, ¿quiere extraer el piano por favor?	sí	113.623	6	15.1859	3	12.8507	4	2.2844	1	0	0
hermanito	2	¡Voy! Cuidado, hermanita. || eso es bastante serio hermanita.	no										
esforzar	2	Si no te esforzarás tanto no estorbaría siempre. || - No ves que me esfuerzo. - Sí.	sí	0	0	0	0	0	0	11.6409	2	26.3283	2
realidad	2	En realidad Isa, estoy ayudando. Está bien? || Si en la familia supiera cuán vulnerables somos en realidad.	sí	21.3159	2	85.6257	17	218.984	36	124.282	18	343.127	22
nervioso	2	Es la primera ceremonia desde la tuya. Están nerviosos. || ¿Estás nervioso?	sí	42.4153	4	171.51	23	127.347	23	59.6857	7	26.3283	2
excepcional	2	"rodeados por gente excepcional nos sentíamos tan... || ""poco excepcionales""."	sí	4.0172	1	6.5309	2	4.8032	2	0	0	0	0
genial	2	Perdón, podrías. Te ves genial. || ¿Es tu hermana? ¡Es genial!	sí	73.4919	4	153.165	21	83.3809	14	22.6869	4	0	0
corazón	2	- Corazón, ¡no lo olvides! - No lo olvides. || - ¡Bello corazón, lindas gafas!	sí	4.954	1	104.53	15	99.1432	20	77.4445	8	71.7298	6
hacer él	2	Y a veces el mejor modo de apoyar a los demás es no hacerse a un lado. || Lo siento, mi vida, hazlo tú.	no										
nube	2	- ¡Pepa! ¡Tienes una nube! - Ya sé, mamá. || Pepa, la nube.	sí	0	0	13.9308	3	8.8671	3	12.2342	2	26.3283	2
quier	2	Pero no logro encontrar a antonio que más quieres saber. || - Quiero... - Es lo que quieres es aquí está.	no										
preocupartir	2	No tienes nada de que preocuparte. || y en tu boda preocuparte.	no										
seguro	2	"Estoy segura. || ""Bruno provoca cosas malas y qué miedo y su visión seguro mató a mi pez""."	sí	94.9722	6	191.629	26	130.998	37	124.216	15	144.855	11
contento	2	Sigue bailando, contento en mi paraíso Y revelando milagros en cada piso. || ¡Ahí tienes! Sigue bailando, contento en mi paraíso Y revelando milagros en cada piso.	sí	280.248	17	97.5867	15	153.399	24	49.9319	6	28.4142	3
enamorar	2	Que siempre me enamora tu encanto	sí	119.314	7	94.8862	18	174.638	29	72.9757	9	92.4461	8
sigar	2	Qué sigas bendiciendo tu encanto || pero no es una excusa para que sigas dañando a esta familia.	no										
madrugada	2	Abriendo puertas, va llegando la madrugada || Pasan sus noches y madrugadas.	sí	0	0	0.022	1	9.9726	3	11.3324	2	17.0156	2
abierto	2	Siguen abiertas y el café se cuela en la casa || Y es un problema, porque necesitamos un espacio abierto.	sí	0	0	0	0	1.2931	1	0	0	0	0
canción	2	Canción alegre para que gane el bien sobre el mal || mi Mariano quiere empezar con una canción.	sí	269.901	12	197.579	26	352.944	37	19.716	4	82.1557	7
dejar él	2	Pepe, amor vas a dejarlo empapado. || pero luego fui a dejarlos al establo y lo sentí tan..	no										
fortalecer	2	y fortalecer a nuestro hogar? || y ambas familias podrán fortalecer ese.	sí	6.0172	1	4.2366	1	1.8161	2	3.4744	1	26.3283	2
adónde	2	¿Quieres ir adónde? || ¿Qué está pasando? ¿Adónde nos llevas?	no										
lamentar	2	No me lamento, ¿para qué?. || Y yo lo lamento tanto.	sí	0	0	0	0	0	0	22.3091	3	38.1253	3
regalo	2	Un regalo mágico. || Lejos de aquel regalo mágico, y aquí estoy.	sí	182.127	7	196.628	26	118.817	20	35.8987	5	77.6046	6
enfrentar	2	Ni a esta pena que empiezo invisible a enfrentar. || Enfrentando profecías sin interpretar.	sí	5.0445	1	0	0	10.8504	4	34.3684	4	38.1253	3
cerrojo	2	Y el cerrojo no abrió. || - ¿Qué? - Falta un cerrojo.	no										
oportunidad	2	otra oportunidad. || Otra oportunidad.	sí	67.3016	5	76.9339	13	48.358	11	180.465	24	78.203	7
flores	2	Flores nuevas, sembraré. || Solo he visto tus flores brotar.	no										
sembrar	2	Flores nuevas, sembraré. || - Por surgir (por surgir) Por sembrar (terminar).	sí	0	0	0	0	1.5816	2	2.6116	1	9.4714	1
sanar	2	Sanaré el quebranto. || Tu sanas mi herida con una arepita con queso.	no										
dispuesto	2	Muy dispuesta, véanme dispuesta.	no										
vi	2	Yo no vi las grietas. || Abuela, de verdad vi...	no										
riesgo	2	La casa estaba en riesgo la, la vela estaba. || El barco no vira, aún sabiendo el riesgo rotundo.	sí	72.5564	3	12.5026	4	21.6422	6	103.047	11	137.293	10
mano	2	Si todo era mi imaginación ¿cómo me corté la mano? || Dáselo a tu hermana, pon en sus manos.	sí	412.556	16	336.094	48	533.245	68	428.685	38	647.829	36
verte	2	Ojalá pudieras verte, como yo lo hago. || Estoy tan feliz de verte bien.	no										
hija	2	Sané tu herida con mi amor por mi hija, || Estaba pensando en mi hija.	sí	0	0	1.0067	1	12.0661	3	3.4744	1	0	0
hermano	2	Mira, mi hermano bruno perdió en el camino en esta familia. || Te quiero a ti decir que tu hermano está aquí.	sí	439.409	21	356.824	35	144.633	24	44.3153	7	127.585	10
proteger	2	Ayúdame a proteger a la familia. || Debemos proteger a la familia, al encanto. O no tendremos hogar.	sí	101.87	6	94.7704	14	80.3048	15	125.434	13	156.3	9
ver él	2	pero tal vez se pasó algo y tal vez yo de vas a verlo. || Verla doblarse y torcerse sin chispar.	no										
mesa	2	¡A la mesa! Todos a comer, ahora, todos. || ¡A LA MESA!	sí	267.263	12	171.637	24	240.877	36	227.089	20	141.296	8
comer	2	¡A la mesa! Todos a comer, ahora, todos. || ¡Hora de comer!	sí	2046.69	69	1169.53	125	784.773	109	525.575	44	395.376	28
toñito	2	Gracias, Toñito. || Solo vine por las últimas cosas de toñito,	no										
aprovechar	2	y pronto encontraremos cómo aprovechar la bendición que recibiste. || Y aprovecho el momento, por si quisieras pensar en mí.	sí	3.0086	1	41.8891	7	107.736	18	88.2926	10	78.203	7
super	2	Luisa, Dolores está super ansiosa. || Fue porque las montañas que rodean el encantan son super altas y...	sí	0	0	2.9415	1	1.2931	1	0	0	0	0
magnífico	2	¡Magnífico! || Una magnífica rocío del sol	sí	20.2077	2	65.2198	12	59.5993	12	24.9545	5	18.9428	2
río	2	- Luisa, ¿puedes reencauzar el río? - Sí claro. || Este río. Aquí es donde recibimos el milagro.	sí	183.826	9	126.681	15	75.8898	15	68.5034	8	183.339	11
quierar	2	Nada. Tengo cosas que hacer así que tal vez quieras irte a casa. || Tal vez quieras apurarte.	no										
dime	2	Dime qué te puso nerviosa. || Dime qué te gusta. ¿Te gustan los deportes?	no										
muevo	2	Muevo montes, muevo valles.	no										
valer	2	y mis músculos, sé lo que valen. || Entonces más vale que lo entendieras porque iba a pasarte muy pronto.	sí	407.703	17	176.095	25	226.608	39	213.204	16	150.618	11
necesario	2	Yo paso y aplasto si es lo necesario, mas || Hacer lo necesario en un mundo que sigue cambiando	sí	167.256	7	80.2581	14	136.277	25	394.873	39	462.944	34
derrumbar él	2	comienza a derrumbarse. || Nuestra casa derrumbándose.	no										
reventar	2	Es peso que con gota a gota lo reventó. || Peso que con gota a gota lo reventó.	sí	0	0	0	0	0	0	0	0	8.5078	1
pop	2	Peso como un tip-tip-tip hasta que haces pop.	sí	9.9079	1	1.4122	1	0	0	0	0	8.5078	1
tarea	2	Todas las tareas que no aguantamos. || así que traté de no cargar tanto pero eso me retraso en mis tareas	sí	43.0783	3	19.008	5	77.721	13	206.014	21	144.855	7
soltar	2	Y si cedo al peso con presión, presión que jamás soltó,. || Sin peso con presión, presión que jamás soltó.	sí	7.1507	1	2.0134	2	0	0	6.9489	2	9.4714	1
explosión	2	Peso como un tick-tack-tick antes de una explosión.	sí	0	0	5.5971	2	3.0199	2	12.2342	2	65.54	5
agarrar	2	Como lo resiste, se agarra fuerte. || esta vez o sentir mal así que agarré a todos los burros	sí	7.1507	1	43.3591	8	29.5039	10	2.2844	1	18.9428	2
viento	2	en alineación Y el viento resoplando lo derriba sin control. || Dos oruguitas, paran el viento.	sí	86.6319	4	30.5676	6	78.7498	11	34.9602	5	89.1746	5
control	2	en alineación Y el viento resoplando lo derriba sin control. || Luisa se queda sin poderes. Isabella está fuera de control.	sí	3.0086	1	28.0768	5	4.5672	2	48.0003	7	539.26	40
cimiento	2	Ella sostendrá todos los cimientos || Cimientos nuevos podremos vislumbrar.	sí	0	0	0	0	0	0	12.2342	2	0	0
horrible	2	le llegó una horrible visión al respecto. || Sí. Esperemos que esta noche no sea un horrible desastre.	sí	32.3886	2	45.5726	9	51.5056	14	23.0144	4	9.4714	1
aparecer	2	Nadie sabe. Jamás apareció. || ¿Por qué aparezco en tu visión bruno?	sí	7.1507	1	253.595	33	184.642	36	255.728	26	531.415	37
arena	2	¿Me puedes a hacer que pare la arena? || Su sonido es como la arena al resbalar.	sí	93.5278	5	21.104	4	33.742	8	29.4042	3	26.3283	2
volar	2	No. Pues se fue volando. No me quiere. || Pero adoro mirarte volar.	sí	43.5543	3	76.5197	15	50.1721	10	35.8987	5	221.195	14
forma	2	Podría haber otra forma de subir con nuestra magia, pero no. || Forma audaz, ¡qué impresión!.	sí	250.496	11	268.736	32	594.95	75	779.63	67	893.151	52
mirabell	2	¿Que la urgencia, Mirabell, de dónde saliste? || Nunca le hiciste daño a la familia, Mirabell.	no										
nombre	2	y en eso hoy el nombre que no se menciona. || Al oír tu nombre, no hay marcha atrás.	sí	774.218	21	549.664	49	392.526	59	439.056	38	1280.48	42
rayo	2	Que bien. Ahora provoqué rayos y los rayos causan llovizna	sí	0	0	6.939	2	10.0498	3	10.454	2	0	0
llovizna	2	Que bien. Ahora provoqué rayos y los rayos causan llovizna || y la llovizna se vuelven lluvia.	no										
significar	2	si el hubiera tenido una visión sobre una persona, ¿qué significa..? || ¿Qué significa?	sí	235.985	10	329.939	30	299.045	34	250.048	22	409.294	22
positivo	2	Solo quiero saber si es en general era positivo o no era tan positivo..	sí	20.7186	2	19.7943	7	40.9628	15	131.415	12	103.119	8
saber él	2	Tiene que saberlo, Pepi. || No deben saberlo. Solo actúa como siempre.	no										
cumplir	2	¡Está se cumplirá! || Las profecías se cumplen cada vez.	sí	46.635	4	50.2766	9	50.3488	12	232.58	24	314.784	23
nubar	2	Ninguna nube esa vez. || - Todo estaba listo, con un clima precioso esa vez. - Ninguna nube esa vez.	no										
voz	2	Bruno con voz misteriosa habló.	sí	92.5306	7	192.418	26	268.789	39	166.653	16	228.613	15
misterioso	2	Bruno con voz misteriosa habló.	sí	23.1041	2	26.4531	5	84.8452	13	3.4456	1	0	0
trueno	2	¡Trueno! || - Trueno. - ¿Tú cuentas la historia o lo hago yo?	sí	0	0	0	0	1.4449	2	0	0	0	0
historia	2	¿Tú cuentas la historia o lo hago yo? || - Trueno. - ¿Tú cuentas la historia o lo hago yo?	sí	864.956	35	737.439	68	764.668	91	549.715	49	571.879	30
tomé	2	Sabrás que lo tomé muy mal. || -Sabrás que lo tomé muy mal - Abuela, ten la sombrilla.	no										
sombrilla	2	Abuela, ten la sombrilla. || -Sabrás que lo tomé muy mal - Abuela, ten la sombrilla.	no										
sonido	2	Su sonido es como la arena al resbalar. || Cual si lo pudiera oír - De ti ni un sonido saldrá.	sí	14.3013	1	9.669	3	121.317	19	72.3371	8	65.54	5
profecía	2	Enfrentando profecías sin interpretar. || Las profecías se cumplen cada vez.	sí	0	0	0	0	5.3024	2	0	0	102.094	2
pez	2	"Él dijo mi pez se moriría, ¡y ve! || ""Bruno provoca cosas malas y qué miedo y su visión seguro mató a mi pez""."	sí	10.0891	2	13.3618	3	14.7368	4	36.7026	5	250.585	12
quedar	2	- No, no. - Él dijo que me quedaría sin pelo y mírame bien. || Luisa se queda sin poderes. Isabella está fuera de control.	sí	480.684	28	774.584	95	823.59	123	888.573	87	713.397	49
ensueño	2	Una vida de ensueños vendrá. || Un equipo de ensueño hay aquí, ¡qué vigor!	no										
agonizar	2	la magia no está agonizando, no se derrumba la casa. || El milagro agoniza por culpa tuya.	sí	0	0	0	0	0.7908	1	0	0	0	0
actuar	2	No deben saberlo. Solo actúa como siempre. || Decía que mi vida un verdadero era actuar.	sí	93.6409	5	50.413	8	86.7085	15	119.195	14	107.752	9
crema	2	La crema, ¿por favor? || Papá, ¿la crema?	sí	93.1099	5	19.258	4	8.8125	4	48.9368	5	34.0313	3
señora	2	Señora, ¡por favor! || Señora, perdón.	no										
odiar	2	¡Te odio! || Ella nunca me abraza, ¿Okey?. ¡Ella me odia!	sí	9.9079	2	53.5317	10	41.0671	9	3.4456	1	61.1128	3
sal	2	- Pero... - Un poco de sal. || - Mirabel, ¡sal! - ¡Mirabel!	sí	78.8784	5	70.4019	14	92.7145	14	72.4483	5	38.8023	3
asustar	2	¿Eso? No. Me asusta estar cerca de ellas. || - ¿Quién es Hernando? - ¡Soy Hernando y no me asusta nada!	sí	4.954	1	21.3922	6	47.6072	11	0	0	28.4142	2
cerca	2	¿Eso? No. Me asusta estar cerca de ellas. || - ¿Pero quién es? - Es muy de cerca...	sí	641.515	22	360.944	43	134.62	23	140.637	12	208.894	14
misterio	2	Pero es un misterio, un misterio. Por eso esta visión es...	sí	0	0	7.0409	2	22.1699	6	3.4744	1	26.3283	2
ayudarte	2	Créeme es si pudiera ayudarte más, lo haría pero.. || Sudabas nerviosa y solo quería ayudarte.	no										
muestro	2	¿Y qué pasa si lo que te muestro es peor? || Y mis poses muestro hermosas.	no										
mariposa	2	¡La mariposa! || ¡Sigue a la mariposa!	sí	9.9079	1	20.8234	5	1.2931	1	2.2844	1	0	0
pelear	2	- ¡Y ustedes están peleando! - ¿Qué? || ¿Peleando o abrazando?	sí	7.1507	1	5.8831	2	9.9699	3	35.8219	5	37.8856	4
tién	2	Para que la vela brilla tienes que darle un abrazo. || Lo lograrás. Solo tienes que salvar el milagro.	no										
ves	2	Ves que creo que no ves lo que pasa. || ¿Qué es lo que ves?	no										
egoísta	2	¡Princesa egoísta! || ¿Egoísta?	sí	0	0	0	0	2.2836	1	3.4456	1	0	0
brotar	2	De mis brazos, brotan rosas. || Solo he visto tus flores brotar.	sí	0	0	0	0	0	0	3.4744	1	8.5078	1
sentimiento	2	¿Qué lograría si creciera el sentimiento del momento? || Mientras se abrazan con sentimiento.	sí	82.3145	5	1.0067	1	46.9779	10	71.6438	8	155.209	12
jacaranda	2	Un huracán de jacarandas.	no										
enredar	2	Por subir (¡sí!) Y enredar! || - Y enredar. - Crece.	sí	0	0	0	0	0	0	0	0	9.4714	1
cera	2	Palma de cera llena el aire Y va escalando en expansión.	sí	0	0	1.3169	1	0	0	2.2844	1	26.3283	2
aire	2	Palma de cera llena el aire Y va escalando en expansión.	sí	93.8641	7	203.011	23	190.694	31	142.244	13	233.504	12
escalar	2	Palma de cera llena el aire Y va escalando en expansión.	sí	0	0	1.7202	2	0.9081	1	11.6277	2	8.5078	1
expansión	2	Palma de cera llena el aire Y va escalando en expansión.	sí	0	0	2.9415	1	4.8032	2	15.6696	5	52.6565	4
descubrir	2	No vas a ser bella, hoy descubriré quien soy. || descubrirá, que locuras.	sí	202.548	9	469.093	53	320.057	50	194.162	24	329.306	23
alcanzar	2	hasta el cielo y alcanza ​al Sol. || Al cielo alcanzando	sí	0	0	3.4491	2	30.3282	8	130.039	15	367.514	28
terminar	2	- Por surgir (por surgir) Por sembrar (terminar). || Por terminar, miremos si algo falta.	sí	239.892	11	436.101	54	535.947	86	203.76	26	395.584	28
dirección	2	Y tú me has dado dirección. || Y cambiar de dirección.	sí	111.932	6	162.175	20	112.586	21	135.611	15	129.764	10
desea	2	Luisa nunca será tan fuerte como deseas. || Isabela no será tan perfecta como deseas.	no										
hicistir	2	Mirabel, ¿te hiciste daño? || Nunca le hiciste daño a la familia, Mirabell.	no										
navegar	2	Y navegando un mundo que cambia y sigue cambiando. || Navegando un mundo que cambia y sigue cambiando.	sí	4.0172	1	24.7659	5	12.9464	4	11.6409	2	38.1253	3
aguantir	2	Ay oruguitas, no se aguanten más.	no										
aparte	2	Hay que crecer aparte y volver. || Hay que crecer aparte y volver	sí	0	0	1.3169	1	2.2836	1	0	0	0	0
seguirás	2	Hacia adelante seguirás. || Hacia adelante seguirás	no										
crisálida	2	Vienen milagros, vienen crisálidas.	no										
construir	2	Hay que partir y construir su propio futuro.	sí	111.061	6	103.95	15	88.1284	17	211.981	26	274.165	16
conceder	2	Se me concedió un milagro. || Se nos concedió un milagro gracias a ti.	sí	0	0	2.6337	2	16.0455	4	27.8847	5	58.8744	4
perdistir	2	Tú perdiste tu hogar. || Todo lo perdiste.	no										
ayuda	2	Le pedí a mi y Pedro su ayuda. || La ayuda ya llegó.	sí	56.9956	6	173.051	24	158.408	23	192.941	20	210.626	13
solución	2	Hay solución. Hay solución.	sí	44.7001	3	50.6823	9	69.1281	12	103.596	12	129.764	10
escuchar	2	Yo te escucho. || Y escucha tu interior.	sí	365.697	14	354.716	46	424.43	69	206.465	22	78.9848	6
dale	1	Dale abre los.	no										
contener	1	Esta vela contiene el milagro que recibió nuestra familia.	sí	0	0	17.0415	4	42.0255	10	21.5084	3	105.313	7
recién	1	cuando mis tres bebés recién habían nacido	sí	0	0	12.2507	3	51.5689	9	56.7633	6	235.629	10
nacer	1	cuando mis tres bebés recién habían nacido	sí	126.982	9	416.145	50	354.81	51	246.441	24	473.862	30
convertir	1	La vela se convirtió en una llama mágica, que jamás se apagaría.	sí	7.1507	1	160.412	24	244.784	42	363.362	35	446.394	33
llama	1	La vela se convirtió en una llama mágica, que jamás se apagaría.	sí	131.269	6	59.5962	11	92.5704	16	27.7225	4	28.4142	3
refugio	1	Y nos bendijo con un refugio donde podríamos vivir.	sí	0	0	1.4122	1	5.1144	2	22.7708	3	26.3283	2
cobrar	1	cobró vida para protegernos.	sí	0	0	2.8244	2	13.7205	4	83.7291	9	87.6065	7
protegerno	1	cobró vida para protegernos.	no										
ayudarno	1	el milagro bendijo a cada uno, con un don mágico para ayudarnos.	no										
fortalecerás	1	Fortalecerás a la comunidad, y a nuestro hogar también.	no										
trairás	1	Trairás orgullo a tu familia	no										
preguntado	1	¿Quién es preguntado?	no										
sorprende	1	"Bueno, ""nosotros"", no les contaré sobre mí nada más. Yo formo parte de los sorprende Madrigal."	no										
increíbl	1	¿Los increíbles Madrigal?	no										
cajones	1	¡Cajones!	no										
suelos	1	¡Suelos!	no										
puertas	1	¡Puertas!	no										
descendencia	1	En este hogar vive nuestra descendencia .	sí	0	0	0	0	0	0	0	0	26.3283	2
ritmazo	1	Hay fiesta y música con ritmazo sin igual.	no										
personal	1	El mundo encantan con su brillo personal.	sí	67.8457	5	156.452	21	219.592	31	177.196	17	312.601	19
show	1	No hay que olvidar, la abuela lleva el show.	sí	4.0172	1	0	0	4.7166	2	3.4456	1	0	0
allá	1	¡Vamos allá!	sí	64.356	6	150.954	22	115.501	20	44.6546	6	38.8023	3
tranquilos	1	¡Tranquilos, por favor!	no										
físicamente	1	- ¡Ay, así es físicamente imposible relajarse! - ¡Cuéntanos todo!	no										
relajar él	1	- ¡Ay, así es físicamente imposible relajarse! - ¡Cuéntanos todo!	no										
cuéntanos	1	- ¡Ay, así es físicamente imposible relajarse! - ¡Cuéntanos todo!	no										
dino	1	- ¿Cuáles son tus poderes? - ¡Dinos qué sabe hacer cada uno!	no										
tomar	1	Y por eso no deberías tomar café.	sí	951.112	42	904.313	95	989.99	138	474.896	48	731.106	50
afectar	1	Mi tía Pepa, su humor afecta el clima.	sí	0	0	17.2674	3	39.2136	11	160.464	18	68.6465	6
indispuesta	1	Si está indispuesta, pues, los tiempos raros son.	no										
dudar	1	Ella es mi ma' Julieta, y sin dudar.	sí	0	0	6.939	2	5.5278	2	112.338	13	78.9848	6
guiso	1	Sus guisos son remedios de verdad.	sí	0	0	1.9216	1	4.2633	2	0	0	0	0
esperen	1	Esperen, para impresionarse más,	no										
impresionar él	1	Esperen, para impresionarse más,	no										
tipo	1	Dos tipos que amaban a los Madrigal.	sí	464.178	17	142.907	19	352.536	57	550.916	49	527.017	34
famoso	1	Pues ahora son un par de famosos Madrigal.	sí	531.147	28	400.005	50	310.993	51	185.483	22	122.226	10
pa	1	El tío Félix quiso a Pepa, y mi pa' quiso a Julieta .	no										
jurar	1	Hemos jurado abrir los brazos .	sí	7.1507	1	12.9996	3	6.8509	3	0	0	38.8023	2
merecer	1	Y juntos merecer el gran milagro.	sí	7.1507	1	11.9663	3	47.711	11	22.0509	3	47.3569	5
vibrar	1	El pueblo vibra, el mundo gira.	sí	0	0	0	0	0.7908	1	3.4744	1	0	0
gira	1	El pueblo vibra, el mundo gira.	sí	5.0445	1	2.8244	2	10.6787	3	29.3688	4	25.5235	3
alegría	1	Esfuerzo y alegría encenderán nuestros dones .	sí	0	0	76.8541	9	83.9559	14	72.2432	9	50.2059	4
encender	1	Esfuerzo y alegría encenderán nuestros dones .	sí	5.3543	1	73.6986	12	73.9519	15	11.6277	2	65.54	5
encendido	1	Y magia encendida tendrán por generaciones .	sí	0	0	0	0	0	0	3.4456	1	0	0
oiga	1	Oiga, ¿cuál es la hermana y cuál es la prima?	no										
confundirte	1	¿Qué haces para no confundirte?	no										
hielo	1	Hay muchos niños aquí, rompimos el hielo .	sí	7.1507	1	24.9718	4	14.9326	4	34.3554	5	0	0
aguja	1	Dolores oye hasta una aguja.	sí	4.8253	1	2.9415	1	2.8897	2	3.4744	1	0	0
muta	1	Camilo muta, Antonio hoy recibe el don.	no										
enloquecer	1	(Isabela) con sus flores van a enloquecer.	sí	0	0	2.9415	1	0	0	0	0	25.5235	3
pie	1	(Isabela) es la perfección de pie.	sí	363.159	16	241.609	29	88.5632	18	175.432	16	239.875	18
irreal	1	(Luisa, Luisa, Luisa, Luisa) es fuerza irreal.	sí	0	0	0	0	0	0	0	0	9.4714	1
belleza	1	Son músculo y belleza sin par.	sí	8.0344	2	13.4661	3	96.6111	13	60.8873	9	152.501	10
adiós	1	Somos así en la familia Madrigal . ¡Adiós!	sí	176.162	7	113.55	12	48.9526	9	10.8117	2	9.4714	1
conocer	1	Pero conocieron más de los Madrigal.	sí	2116.01	88	1459.86	167	1155.01	180	1095.21	106	1026.91	73
permitir	1	No me permito ser tan autobiográfica.	sí	22.0981	2	108.505	17	152.395	35	264.372	27	488.845	34
autobiográficar	1	No me permito ser tan autobiográfica.	no										
repaso	1	Es solo un repaso sobre los Madrigal .	sí	0	0	0.8601	1	0	0	0	0	0	0
tir	1	- ¿Y Mirabel? - Comienza la abuela y luego tía Pepa, que el clima gobierna .	no										
gobernar	1	- ¿Y Mirabel? - Comienza la abuela y luego tía Pepa, que el clima gobierna .	sí	0	0	2.9415	1	7.004	3	3.4744	1	9.4714	1
arepa	1	Mi mami Julieta tranquila te deja con solo una arepa.	sí	4.954	1	0	0	0.7751	1	0	0	0	0
padre	1	- ¿Y Mirabel? - Mi padre Agustín, pues, le pasa de todo, mas lindo es.	sí	585.965	25	675.505	57	599.901	76	591.932	42	1035.81	44
agustín	1	- ¿Y Mirabel? - Mi padre Agustín, pues, le pasa de todo, mas lindo es.	no										
prir	1	Me pidieron que contara todo lo de mis hermanas Y primos y.	no										
detener	1	Mi primo Camilo que no se detiene y te hará reír.	sí	39.8986	4	47.5965	8	79.912	17	73.4389	11	104.447	7
reír	1	Mi primo Camilo que no se detiene y te hará reír.	sí	204.892	13	219.905	34	189.16	37	22.8279	3	77.6046	6
señor	1	Hey, es el señor Mariano, y ¿Puede usted casarse con mi hermana?,	sí	195.94	8	240.337	22	189.209	23	82.6021	10	290.089	20
casar él	1	Hey, es el señor Mariano, y ¿Puede usted casarse con mi hermana?,	no										
caprichoso	1	Mas debo decir que es un poco caprichosa Y ya hablé de más, mil gracias, pues me debo retirar.	sí	0	0	0	0	0.7224	1	17.3266	3	8.5078	1
mil	1	Mas debo decir que es un poco caprichosa Y ya hablé de más, mil gracias, pues me debo retirar.	sí	19.9218	2	92.0207	17	139.193	22	89.0354	10	76.2506	6
retirar	1	Mas debo decir que es un poco caprichosa Y ya hablé de más, mil gracias, pues me debo retirar.	sí	0	0	24.2812	6	5.5278	2	42.5836	5	50.2059	4
iba	1	<¡Iba a contarnos cuál es su increíble don!>	no										
entrega	1	¡Mirabel! ¡Una entrega!	sí	0	0	7.0017	3	3.0199	2	39.402	4	17.0156	2
trajar	1	Te traje el especial, por ser la única Madrigal que no tien un don.	no										
tien	1	Te traje el especial, por ser la única Madrigal que no tien un don.	no										
llamar	1	"Le llamo ""Nuestra Especial no Especial"", ya que no hubo un don para ti."	sí	2392.02	81	2310.03	241	1759.85	253	794.925	78	644.284	45
triste	1	Si yo fuera tú, eso me pondría triste.	sí	153.624	11	225.877	25	234.288	33	27.4406	4	92.4461	8
querida	1	Bueno mi querida amiga, no a mi.	no										
rós	1	¿Quién quiere más rosa?	no										
carro	1	¿Dónde dejo el carro?	sí	28.6027	4	67.7155	12	28.1837	8	2.2844	1	0	0
negación	1	Tal vez tu don es vivir en negación.	no										
arcoíris	1	¡He hecho un arcoíris!	no										
bandeja	1	Quita las bandejas de ahí.	sí	0	0	6.9008	2	5.5278	2	17.6055	3	9.4714	1
disculpa	1	Perdón. Disculpa.	sí	0	0	0.1104	1	6.0381	2	15.9925	2	18.9428	2
oy	1	Dolores, ¿oyes si alguien llega tarde?	no										
levántalo	1	Levántalo más alto. Más alto.	no										
invitado	1	Los invitados ya van a llegar y ya.	sí	55.9032	4	34.7437	7	62.9025	9	41.3091	5	205.702	4
llevándose	1	¡Está llevándose las flores!	no										
acaso	1	¿Acaso alguien dijo flores?	sí	0	0	0	0	8.4144	3	6.8912	2	8.5078	1
ángel	1	¡Nuestro ángel!	sí	5.3543	1	0	0	12.0689	3	3.4456	1	58.8744	4
aplauso	1	No aplausos.	sí	0	0	1.1794	1	0	0	0	0	26.3283	2
consejito	1	Un consejito entre hermanas.	no										
estorbar	1	Si no te esforzarás tanto no estorbaría siempre.	no										
estorbós	1	Y la estorbosa aquí eres tú.	no										
fuercser	1	Mi vida, ¿estás bien? No te fuerces demasiado.	no										
ovejas	1	- ¡Ovejas! - Y lo entiendo.	no										
extraño	1	dos extraños sin un don especial que jamás tendrían un,	sí	56.7746	4	114.771	16	152.29	26	147.647	13	112.745	10
rodeado	1	rodeados por gente excepcional nos sentíamos tan...	no										
sentíar	1	rodeados por gente excepcional nos sentíamos tan...	no										
papi	1	Okay, papi.	sí	35.7533	5	35.2984	6	4.5672	2	0	0	0	0
comprendo	1	- Te comprendo es todo... - Come.	no										
come	1	- Te comprendo es todo... - Come.	no										
decoracer	1	Tengo mucho que hacer. La casa no se decorará sola.	no										
podría	1	Perdón, podrías. Te ves genial.	no										
olvidser	1	- Corazón, ¡no lo olvides! - No lo olvides.	no										
olvid	1	- Corazón, ¡no lo olvides! - No lo olvides.	no										
póngansir	1	- Pónganse aquí. - ¡Limpien los cuartos!	no										
limpien	1	- Pónganse aquí. - ¡Limpien los cuartos!	no										
tiple	1	¿Han visto mi tiple?	no										
decoración	1	¿Tal vez debas dejar las decoraciones a otra persona sí?	sí	0	0	13.1789	3	12.8823	5	17.7241	3	8.5078	1
sorpresa	1	No, estas son mías eran una sorpresa para ti.	sí	74.0276	5	117.856	15	57.0485	14	57.2055	8	76.2506	5
apoyar	1	Y a veces el mejor modo de apoyar a los demás es no hacerse a un lado.	sí	20.7186	2	16.1627	4	60.2608	13	115.392	13	114.376	9
obsequio	1	Este obsequio se autodestruirá si no lo agarras...	sí	0	0	6.3153	2	0	0	0	0	0	0
autodestruier	1	Este obsequio se autodestruirá si no lo agarras...	no										
agarra	1	Este obsequio se autodestruirá si no lo agarras...	no										
recibirás	1	Recibirás tu don y abrirás la puerta	no										
abrirás	1	Recibirás tu don y abrirás la puerta	no										
caso	1	Bueno, en ese imposible caso tú,	sí	189.134	12	457.829	42	220.645	50	439.768	42	706.887	38
quedariar	1	te quedarías aquí en este cuarto conmigo.	no										
sería	1	y entonces serías todo mío.	no										
tuviera	1	Ojalá tuvieras una puerta.	no										
extrañar	1	Pero sí, te extrañaré mucho tener al mejor compañero de cuarto.	sí	35.6953	3	50.7273	8	24.8607	6	37.7185	5	26.3283	2
compañero	1	Pero sí, te extrañaré mucho tener al mejor compañero de cuarto.	sí	793.357	32	284.178	32	252.393	41	247.409	21	368.043	22
animal	1	Sé que ha más a los animales.	sí	195.169	9	158.753	25	113.217	36	304.009	25	456.515	20
cambiser	1	Lo hice para que cuando te cambies a tu increíble cuarto,	no										
tenga	1	tengas algo que a abrazar al dormir.	no										
ok	1	Ok parcerito, ¿estás listo?	sí	0	0	6.9008	2	0	0	0	0	0	0
parcerito	1	Ok parcerito, ¿estás listo?	no										
gozar	1	Y revelando milagros en cada piso. Noche de fiesta, todos llegan para gozar	sí	0	0	1.0067	1	22.0187	5	36.2886	5	58.8744	5
celebrar	1	Noche de fiesta, todos vienen a celebrar Y revelando milagros en cada piso. Y revelando milagros en cada piso.	sí	304.58	12	216.576	33	293.094	63	109.084	13	317.792	19
colar	1	Siguen abiertas y el café se cuela en la casa	sí	0	0	0	0	0.8664	2	22.575	3	9.4714	1
alegre	1	Canción alegre para que gane el bien sobre el mal	sí	85.2514	4	63.9292	10	39.7853	10	10.3369	3	26.3283	2
ganar	1	Canción alegre para que gane el bien sobre el mal	sí	131.778	7	525.602	58	238.491	43	283.263	30	263.326	19
real	1	No me despierten, que esto parece un sueño real	sí	7.1507	1	30.9758	8	25.7251	7	72.6997	9	144.855	10
mírate	1	Mírate. Estás tan grande.	no										
pepe	1	Pepe, amor vas a dejarlo empapado.	sí	0	0	0	0	0	0	3.4456	1	18.9428	1
empapado	1	Pepe, amor vas a dejarlo empapado.	no										
niña	1	Qué orgulloso está tu papá, mi niña.	sí	0	0	1.0067	1	0	0	0	0	0	0
esperarer	1	Te esperaremos en tu puerta.	no										
callo	1	¡Ya, me callo!	sí	0	0	2.9415	1	7.8915	6	0	0	9.4714	1
cincuenta	1	Hace cincuenta años,	sí	4.8253	1	0	0	0	0	0	0	0	0
honor	1	Y el más grande honor de nuestra familia...	sí	0	0	5.8969	4	28.9814	8	15.5404	3	64.8818	5
reunir	1	Esta noche nos hemos reunido de nuevo...	sí	43.6183	3	75.9966	13	110.335	22	73.4951	9	117.749	10
luz	1	para que uno más reciba esta luz...	sí	59.591	4	121.039	18	226.945	36	162.138	16	289.611	18
llenir	1	y nos llene de orgullo.	no										
usará	1	¿Usarás tu don para honrar a nuestro milagro?	no										
honrar	1	¿Usarás tu don para honrar a nuestro milagro?	sí	0	0	0	0	1.2931	1	0	0	8.5078	1
dudé	1	Nunca dudé que lo lograría.	no										
foto	1	¡Hora de la foto!	sí	407.612	14	352.118	37	239.859	35	248.983	18	66.2997	5
vengar	1	¡Todos vengan! ¡Rápido, rápido, rápido!	sí	35.7751	2	22.2338	5	77.3037	14	105.271	12	18.9428	1
ey	1	Ey, no importa, pues todos somos Madrigal.	no										
contemplo	1	Desde aquí los contemplo al brillar.	no										
mover	1	Yo no muevo montes,	sí	42.2053	3	109.448	16	81.9407	17	140.699	14	157.61	10
florecer	1	No hago palmas florecer.	sí	0	0	1.0067	1	1.2931	1	4.5688	2	9.4714	1
tendré	1	Ni tendré otra noche esperando tener...	no										
controlo	1	No controlo el vendaval ni a un huracán.	no										
vendaval	1	No controlo el vendaval ni a un huracán.	no										
pena	1	Ni a esta pena que empiezo invisible a enfrentar.	sí	22.1961	2	112.372	16	92.603	16	85.4147	10	171.225	11
empiezo	1	Ni a esta pena que empiezo invisible a enfrentar.	no										
invisible	1	Ni a esta pena que empiezo invisible a enfrentar.	sí	7.1507	1	0	0	0	0	0.0607	1	48.776	2
corredor	1	Sola en el corredor.	sí	7.1507	1	1.0067	1	0	0	0	0	17.0156	1
añorar	1	Nadie a mí alrededor sigo añorando.	sí	0	0	2.9415	1	2.2836	1	0	0	0	0
ábrelo	1	Y unos ojos que al ver quieran mirar. ¡Ábrelos ya!	no										
moveré	1	Y moveré los montes.	no										
quebranto	1	Sanaré el quebranto.	no										
valor	1	Les demostraré valor.	sí	19.3014	3	12.8593	4	69.331	15	99.8646	17	286.084	18
véanme	1	Muy dispuesta, véanme dispuesta.	no										
paciente	1	Fui paciente y no obtuve respuesta.	sí	4.954	1	25.0263	7	21.5362	5	6.9489	2	51.0469	4
obtener	1	Fui paciente y no obtuve respuesta.	sí	4.0172	1	80.5223	14	53.1387	12	247.637	26	353.444	23
bendiciones	1	Bendiciones te pido, aunque no tenga un don.	no										
milagroso	1	Milagroso y mágico.	sí	0	0	0	0	0.9081	1	0	0	18.9428	2
teja	1	Las tejas se caían y grietas en todas partes,	sí	0	0	0	0	0.7224	1	1.826	1	0	0
enséñame	1	Enséñame.	no										
suficiente	1	Es suficiente.	sí	21.4995	2	31.4679	8	42.5335	8	182.429	15	38.1253	3
trago	1	Y los tragos igual.	sí	0	0	6.9008	2	3.4251	2	0	0	9.4714	1
pongan	1	¡Pongan música!	no										
imaginación	1	Si todo era mi imaginación ¿cómo me corté la mano?	sí	0	0	16.3903	4	33.1214	6	15.2093	2	68.6465	6
cortar	1	Si todo era mi imaginación ¿cómo me corté la mano?	sí	3.0086	1	43.7485	15	86.0166	20	82.5705	10	139.428	11
dañar él	1	yo nunca podría dañarle la noche Antonio.	no										
creser	1	¿En serio es lo que crees?	no										
súper	1	y tal vez yo no sea súper fuerte como luisa	sí	4.8253	1	5.8831	2	1.2931	1	3.4456	1	0	0
divinamente	1	o divinamente perfecta como la señorita perfecta Isabela	no										
señorita	1	o divinamente perfecta como la señorita perfecta Isabela	sí	0	0	0	0	4.8739	2	0	0	0	0
hermoso	1	y su hermoso cabello de un sueño pero...	sí	54.6804	5	112.519	17	61.8929	13	51.2554	5	65.54	5
cabello	1	y su hermoso cabello de un sueño pero...	sí	7.1507	1	1.4122	1	19.1233	5	3.4456	1	38.1253	2
pudiera	1	Ojalá pudieras verte, como yo lo hago.	no										
perfectar	1	Eres perfecta tal cual eres.	no										
herida	1	Tu sanas mi herida con una arepita con queso.	sí	0	0	7.5311	2	9.6404	3	0	0	78.9848	5
arepita	1	Tu sanas mi herida con una arepita con queso.	no										
queso	1	Tu sanas mi herida con una arepita con queso.	sí	43.9024	3	67.5629	12	46.3679	10	21.6396	4	8.5078	1
sané	1	Sané tu herida con mi amor por mi hija,	no										
herido	1	Sané tu herida con mi amor por mi hija,	sí	0	0	10.9835	2	0	0	0	0	0	0
maravillosamente	1	con su maravillosamente,	no										
gafa	1	- ¡Bello corazón, lindas gafas!	no										
sentirar	1	Te sentirás mejor mañana.	no										
mañana	1	Te sentirás mejor mañana.	sí	499.911	23	557.019	61	264.804	46	225.112	16	122.226	9
grietas	1	Grietas en nuestra casita.	no										
cuán	1	Si en la familia supiera cuán vulnerables somos en realidad.	no										
vulnerable	1	Si en la familia supiera cuán vulnerables somos en realidad.	sí	0	0	0	0	0	0	10.8198	2	8.5078	1
agoniza	1	Si nuestro milagro a agoniza...	no										
ábre	1	Ábre mis ojos.	no										
encontrar él	1	Si la respuesta está aquí, ayúdame a encontrarla.	no										
idea	1	No tengo ni idea.	sí	223.636	10	373.202	38	439.969	64	479.451	38	274.165	20
mayor	1	De mis primas mayores tú eres mi favorita,	sí	475.472	23	378.982	46	406.476	63	612.645	60	574.968	33
favorita	1	De mis primas mayores tú eres mi favorita,	sí	0	0	0	0	0.4365	1	0	0	0	0
contar tú	1	y siento que puedo contarte lo que sea	no										
contar yo	1	y que tú puedas contarme a mí lo que sea.	no										
fingir	1	¡Camilo! Deja de fingir que eres dolores solo para repetir.	sí	0	0	2.9415	1	1.2931	1	1.826	1	0	0
dolor	1	¡Camilo! Deja de fingir que eres dolores solo para repetir.	sí	31.6329	3	125.976	16	92.3286	14	139.613	11	92.0413	7
repetir	1	¡Camilo! Deja de fingir que eres dolores solo para repetir.	sí	0	0	70.8572	11	66.334	14	88.3281	12	141.296	11
toca	1	Toca a intentar.	sí	0	0	0	0	0	0	0	0	18.9428	2
preocupado	1	La única preocupada por la magia eres tú.	no										
muro	1	Y las ratas que hablan entre los muros.	sí	73.2846	4	11.6688	3	10.1609	3	6.8912	2	8.5078	1
regocijar	1	Todos nos regocijamos por Antonio y su maravilloso don...	no										
calentar	1	Estaban calentando la silla.	sí	6.0172	1	12.0765	4	18.6878	5	3.4456	1	0	0
silla	1	Estaban calentando la silla.	sí	112.421	5	51.0513	7	37.5343	8	40.9397	6	64.8818	5
gracia	1	Gracias, Toñito.	sí	361.329	19	385.474	40	373.352	54	153.743	15	123.128	10
encontrarer	1	y pronto encontraremos cómo aprovechar la bendición que recibiste.	no										
ansiós	1	Luisa, Dolores está super ansiosa.	no										
atención	1	- Si no puedes poner atención yo, te ayudo. - Yo...	sí	4.954	1	41.5878	8	98.6474	19	117.55	13	314.784	19
echo	1	jamás debemos dar por echo nuestro milagro,	no										
trabajar	1	así que hoy trabajaremos el doble de duro.	sí	1367.19	50	1232.15	128	781.1	127	1036.8	97	415.855	30
doble	1	así que hoy trabajaremos el doble de duro.	sí	4.8253	1	19.7744	4	2.7169	2	22.8279	4	91.3883	6
aviso	1	Primero, les daré un aviso.	sí	5.3543	1	14.4386	4	9.1558	3	27.2642	4	9.4714	1
matrimonio	1	Hablé con los Guzmán de la propuesta de matrimonio de Mariano a Isabela.	sí	10.0891	2	0.5799	1	42.3888	9	107.269	10	190.626	9
fecha	1	Dolores, ¿ya tienen fecha?	sí	5.0445	1	68.8759	11	68.2823	14	113.454	13	166.878	11
joven	1	Un joven tan guapo con nuestra perfecta Isabela...	sí	403.917	17	328.137	41	332.954	45	262.975	22	175.213	10
guapo	1	Un joven tan guapo con nuestra perfecta Isabela...	sí	199.126	10	176.42	28	127.448	26	35.352	6	66.2997	4
ambos	1	y ambas familias podrán fortalecer ese.	sí	0	0	17.4761	5	20.79	6	18.4738	4	157.97	12
reencauzar	1	- Luisa, ¿puedes reencauzar el río? - Sí claro.	no										
espérate	1	¡Espérate!	no										
debes	1	Debes contarnos de la magia.	no										
escond	1	¿Qué le sucede? ¿Qué escondes ?	no										
irte	1	Nada. Tengo cosas que hacer así que tal vez quieras irte a casa.	no										
inclinar	1	Luisa, mi casa está inclinando.	sí	0	0	0	0	0.7224	1	31.2609	5	9.4714	1
tenías	1	Dolores dijo que tenías un tic. Eso nunca te pasa.	no										
permiso	1	El permiso. Vas a hacer que se me caiga un burro.	sí	14.3013	2	9.335	3	43.9372	10	57.4437	7	38.8023	3
cuéntamar	1	- Sola cuéntame qué pasa. - No hay nada que contar.	no										
obvio	1	Es muy obvio que algo te preocupa.	sí	0	0	0	0	2.5862	2	17.5355	3	38.8023	3
decir yo	1	y luego empeora porque no quieres decirme qué pasa...	no										
guau	1	Guau, no quise gritar a.	no										
gritar	1	Guau, no quise gritar a.	sí	100.109	10	59.7908	10	67.6193	14	64.2989	8	38.8023	3
imparable	1	Siempre fuerte, imparable.	sí	0	0	0	0	0.7908	1	11.6409	2	0	0
risco	1	No habrá un risco en la tierra que aguante.	sí	0	0	0	0	0.9081	1	0	0	0	0
tierra	1	No habrá un risco en la tierra que aguante.	sí	4.8253	1	232.012	29	372.629	47	276.794	21	354.253	22
aguante	1	No habrá un risco en la tierra que aguante.	sí	0	0	0	0	0	0	0	0	9.4714	1
valle	1	Muevo montes, muevo valles.	sí	56.4588	4	20.856	4	48.9484	8	46.2779	5	28.4142	3
totalmente	1	Totalmente. Hoy yo no me dejé.	no										
preguntar	1	No pregunto, ejecuto.	sí	243.388	12	737.64	79	677.2	101	345.542	38	334.228	25
ejecuto	1	No pregunto, ejecuto.	no										
coraza	1	Mi coraza es del hierro más duro.	no										
hierro	1	Mi coraza es del hierro más duro.	sí	5.0445	1	1.4122	1	14.8654	5	10.4233	3	9.4714	1
rocas	1	Rocas, diamantes, se funden, se parten	no										
diamante	1	Rocas, diamantes, se funden, se parten	sí	0	0	0.5799	1	0	0	6.8912	2	0	0
fundir	1	Rocas, diamantes, se funden, se parten	sí	0	0	0	0	0.7224	1	0	0	18.9428	2
partir	1	Rocas, diamantes, se funden, se parten	sí	0	0	0	0	10.6787	3	6.8912	2	65.54	5
aplasto	1	Yo paso y aplasto si es lo necesario, mas	no										
comienzo	1	En lo profundo comienzo el truco en la cuerda floja que me marca el rumbo.	sí	9.9079	1	12.7962	3	12.7933	4	52.6875	7	38.8023	3
truco	1	En lo profundo comienzo el truco en la cuerda floja que me marca el rumbo.	sí	0	0	6.6599	2	17.9828	6	1.826	1	17.0156	2
cuerda	1	En lo profundo comienzo el truco en la cuerda floja que me marca el rumbo.	sí	7.1507	1	6.2487	2	9.4693	3	0	0	18.9428	2
flojo	1	En lo profundo comienzo el truco en la cuerda floja que me marca el rumbo.	sí	0	0	0	0	0	0	0	0	9.4714	1
marcar	1	En lo profundo comienzo el truco en la cuerda floja que me marca el rumbo.	sí	72.8655	5	93.391	14	121.736	22	111.833	12	92.0413	7
rumbo	1	En lo profundo comienzo el truco en la cuerda floja que me marca el rumbo.	sí	0	0	13.9308	3	0	0	3.4744	1	0	0
hércules	1	Hércules dijo: ¡No quiero, renuncio!	sí	0	0	0	0	0.9081	1	0	0	0	0
renuncio	1	Hércules dijo: ¡No quiero, renuncio!	no										
nulo	1	Creo que mi esfuerzo es nulo si siento que no ayudo.	sí	0	0	0	0	2.2836	1	0	0	9.4714	1
escucho	1	Escucho un crack,	no										
crack	1	Escucho un crack,	sí	0	0	1.0521	1	0	0	0	0	0	0
tronar	1	comienza a tronar Se va a desmoronar,	no										
desmoronar	1	comienza a tronar Se va a desmoronar,	sí	0	0	0	0	0	0	0	0	8.5078	1
pon	1	Dáselo a tu hermana, pon en sus manos.	no										
aguantamos	1	Todas las tareas que no aguantamos.	no										
balón	1	¿Quién soy yo si pierdo con el balón?	sí	0	0	1.9216	1	13.8092	3	11.3435	2	0	0
ceder	1	Y si cedo al peso con presión, presión que jamás soltó,.	sí	5.3543	1	2.9415	1	0.1126	1	2.6116	1	8.5078	1
resistir	1	Como lo resiste, se agarra fuerte.	sí	0	0	2.9415	1	12.0762	4	34.3684	4	0	0
fallo	1	¿Qué si pierdo y fallo al soportar?	sí	0	0	0	0	5.3308	2	2.2844	1	8.5078	1
soportar	1	¿Qué si pierdo y fallo al soportar?	sí	5.3543	1	18.2794	4	89.4644	17	102.131	11	89.1746	7
quebrar	1	Si me quiebro.	sí	0	0	0	0	1.2931	1	12.2342	2	17.0156	2
inquietar	1	Algo me inquieta y se empeora, yo debo salvar a todo el mundo.	sí	0	0	0	0	0	0	3.4456	1	8.5078	1
barco	1	El barco no vira, aún sabiendo el riesgo rotundo.	sí	270.289	11	93.139	16	136.736	17	13.7825	3	18.9428	2
virar	1	El barco no vira, aún sabiendo el riesgo rotundo.	no										
rotundo	1	El barco no vira, aún sabiendo el riesgo rotundo.	sí	0	0	0	0	0	0	0	0	9.4714	1
imagen	1	En lo profundo La imagen que yo infundo	sí	255.386	8	90.4601	14	205.303	32	322.738	24	450.222	28
infundo	1	En lo profundo La imagen que yo infundo	no										
levanto	1	se cae en un segundo. Levanto el dominó.	no										
dominó	1	se cae en un segundo. Levanto el dominó.	sí	14.3013	2	0	0	0.4365	1	3.4456	1	8.5078	1
alineación	1	en alineación Y el viento resoplando lo derriba sin control.	no										
resoplar	1	en alineación Y el viento resoplando lo derriba sin control.	no										
derribar	1	en alineación Y el viento resoplando lo derriba sin control.	sí	0	0	0	0	0.7224	1	11.3435	2	8.5078	1
desvanecer	1	desvanecer	no										
cruel	1	el peso cruel, la expectativas,	sí	0	0	0	0	1.125	2	1.826	1	38.8023	3
expectativa	1	el peso cruel, la expectativas,	sí	0	0	0	0	4.2521	2	11.6277	2	26.3283	2
esparcimiento	1	de esparcimiento?	sí	0	0	0.022	1	0	0	0	0	0	0
simple	1	Tan simple y bello en vez del peso.	sí	0	0	6.087	2	29.7037	7	44.6098	5	131.641	10
aumento	1	que va en aumento no importa,	sí	0	0	1.0067	1	25.9959	6	73.7018	9	127.617	10
impongar	1	que impongan y el resto ignore el	no										
ignorar	1	que impongan y el resto ignore el	sí	0	0	1.4122	1	2.5862	2	3.4456	1	26.3283	2
sostener	1	Ella sostendrá todos los cimientos	sí	0	0	0	0	4.8674	2	14.4001	4	52.6565	4
ve	1	Ve también si carga nuestros sufrimientos.	sí	14.3013	1	31.8474	7	52.9592	11	22.6647	4	37.8856	4
sufrimiento	1	Ve también si carga nuestros sufrimientos.	sí	0	0	0	0	8.4144	3	3.4744	1	38.8023	3
doblar él	1	Verla doblarse y torcerse sin chispar.	no										
torcer él	1	Verla doblarse y torcerse sin chispar.	no										
chispar	1	Verla doblarse y torcerse sin chispar.	no										
fallar	1	Sin fallar.	sí	4.8253	1	0	0	6.6619	3	3.4744	1	26.3283	2
preguntarte	1	Dáselo a tu hermana sin preguntarte	no										
aplastarte	1	Es que el peso llegará a aplastarte.	no										
desplomar	1	¿Qué si me desplomo y no llego a ser	sí	0	0	0	0	0	0	2.2844	1	8.5078	1
beso	1	Estás cargando demasiado. ¡Beso!	sí	233.956	13	250.168	34	116.937	23	79.3674	9	89.1746	5
débil	1	yo me sentí... Débil.	sí	0	0	1.0067	1	10.2422	3	22.0551	3	28.4142	3
refier	1	No espera. ¿A qué te refieres?	no										
adulto	1	No lo sé, pero ya los adultos hablando.	sí	75.4508	5	56.396	10	57.1827	13	35.071	4	51.0469	3
comprenderás	1	Lo comprenderás si la encuentras.	no										
encuentra	1	Lo comprenderás si la encuentras.	no										
pareja	1	Son una pareja perfecta.	sí	214.204	10	69.3149	12	282.636	30	183.723	22	509.349	17
parir	1	¿Me puedes a hacer que pare la arena?	sí	0	0	1.3169	1	0.9081	1	2.2844	1	9.4714	1
busca	1	Busca la visión, salva el mila... .	sí	4.954	1	1.3169	1	0.4332	1	22.575	3	26.3283	2
mila	1	Busca la visión, salva el mila... .	no										
bacano	1	Pero es bacano tener un amigo.	no										
bienvenido	1	Bienvenida a la familia Madrigal.	sí	4.8253	1	5.8831	1	2.3253	2	11.6277	2	0	0
quanta	1	¡Quantas escaleras que hay aquí!	no										
gallina	1	¡Gallina!	sí	0	0	23.9506	5	25.8244	6	30.2241	3	47.3569	4
vacío	1	Está vacío.	sí	4.0172	1	20.8063	5	36.6904	8	17.3633	3	9.4714	1
urgencia	1	¿Que la urgencia, Mirabell, de dónde saliste?	sí	0	0	19.7744	4	0	0	11.3324	2	52.6565	3
salistar	1	¿Que la urgencia, Mirabell, de dónde saliste?	no										
pelir	1	¡Te pelo! ¿Qué tienes ahí?	no										
estuvir	1	Mirabel y yo estuvimos conversando sobre cómo cargo demasiado.	no										
conversar	1	Mirabel y yo estuvimos conversando sobre cómo cargo demasiado.	sí	0	0	18.3784	5	37.4419	8	0	0	9.4714	1
cargo	1	Mirabel y yo estuvimos conversando sobre cómo cargo demasiado.	sí	4.954	1	1.4122	1	7.7932	2	41.3854	5	174.169	11
tratar	1	así que traté de no cargar tanto pero eso me retraso en mis tareas	sí	29.3409	3	84.3843	14	132.193	36	494.231	49	447.872	31
retrasar	1	así que traté de no cargar tanto pero eso me retraso en mis tareas	sí	0	0	1.3169	1	0	0	11.3324	2	8.5078	1
decepcionacer	1	y sabía que eso decepcionaría a todos.	no										
establo	1	pero luego fui a dejarlos al establo y lo sentí tan..	no										
pesado	1	¡pesados!	no										
hiciste	1	¿Pero qué hiciste? ¿Qué fue lo que le dijiste?	no										
dijistir	1	¿Pero qué hiciste? ¿Qué fue lo que le dijiste?	no										
ah	1	Mirabel. Ah, tengo que recoger a los Guzmán para compromiso de Isabella.	sí	415.474	20	391.851	41	234.24	43	72.3371	7	0	0
recoger	1	Mirabel. Ah, tengo que recoger a los Guzmán para compromiso de Isabella.	sí	79.884	4	135.631	20	174.502	30	59.2153	8	92.0413	6
compromiso	1	Mirabel. Ah, tengo que recoger a los Guzmán para compromiso de Isabella.	sí	5.0445	1	33.1434	6	32.0295	8	41.5816	5	68.0625	6
estés	1	Lo que sea que estés haciendo suspéndelo ya.	no										
suspéndelo	1	Lo que sea que estés haciendo suspéndelo ya.	no										
mencionar	1	y en eso hoy el nombre que no se menciona.	sí	0	0	30.1318	4	10.2422	3	43.3595	5	91.3883	7
causar	1	Que bien. Ahora provoqué rayos y los rayos causan llovizna	sí	0	0	6.671	3	17.3151	5	66.456	8	76.2506	6
lluvia	1	y la llovizna se vuelven lluvia.	sí	58.0892	4	86.1892	11	53.1008	11	54.3827	7	28.4142	3
soleadir	1	Soleado y que el sol salga.	no										
bru	1	¿Tía Pepa? Si Bru...	no										
hipotético	1	Lo sé, solo es hipotético. Si hubieras estado...	sí	0	0	0	0	0	0	0	0	9.4714	1
hubierar	1	Lo sé, solo es hipotético. Si hubieras estado...	no										
olvídalo	1	Mirabel, olvídalo. Tenemos que estar listos para los Guzmán.	no										
general	1	Solo quiero saber si es en general era positivo o no era tan positivo..	sí	115.627	8	163.132	18	132.416	23	183.045	19	223.162	16
pesadilla	1	- ¡Era una pesadilla! - ¡Félix!	sí	0	0	8.9175	4	15.7915	5	1.826	1	0	0
pepi	1	Tiene que saberlo, Pepi.	no										
terrible	1	Siempre tenía visiones terribles y luego..	sí	35.7751	2	84.0823	11	96.2484	19	35.6151	5	91.3883	7
entendiera	1	Entonces más vale que lo entendieras porque iba a pasarte muy pronto.	no										
pasar tú	1	Entonces más vale que lo entendieras porque iba a pasarte muy pronto.	no										
insinuar	1	¿Qué insinuaba?	sí	0	0	0	0	0	0	2.2844	1	18.9428	2
sabrás	1	Sabrás que lo tomé muy mal.	no										
balbucear	1	Miedo al ver a Bruno balbuceando y tropezando.	no										
tropezar	1	Miedo al ver a Bruno balbuceando y tropezando.	sí	0	0	4.0268	3	0	0	10.3369	3	0	0
recordar	1	Siempre lo recuerdo murmurando y farfullando.	sí	253.745	12	258.13	35	412.868	62	359.586	35	327.033	23
murmurar	1	Siempre lo recuerdo murmurando y farfullando.	sí	7.1507	1	1.0521	1	12.1258	4	0	0	0	0
farfullar	1	Siempre lo recuerdo murmurando y farfullando.	no										
resbalar	1	Su sonido es como la arena al resbalar.	sí	0	0	0	0	0.9081	1	0	0	9.4714	1
visualizar	1	Raro el don de ir visualizando.	no										
temblar	1	Deja a la abuela como a todos temblando.	sí	0	0	12.0475	5	4.5672	2	3.4456	1	9.4714	1
interpretar	1	Enfrentando profecías sin interpretar.	sí	7.1507	1	35.3296	7	28.3324	7	34.3684	4	50.2059	4
terror	1	Terror en su faz, ratas por detrás.	sí	0	0	12.1758	3	2.6912	2	1.826	1	8.5078	1
faz	1	Terror en su faz, ratas por detrás.	no										
marcha	1	Al oír tu nombre, no hay marcha atrás.	sí	0	0	38.5511	8	37.7787	8	102.49	11	51.0469	5
atrás	1	Al oír tu nombre, no hay marcha atrás.	sí	0	0	22.108	6	36.2907	8	100.466	11	64.8818	5
grita	1	Grita mientras tiembles al despertar.	sí	125.228	8	15.3255	5	15.8649	4	0	0	48.776	2
tiembl	1	Grita mientras tiembles al despertar.	no										
morir	1	Él dijo mi pez se moriría, ¡y ve!	sí	158.151	10	436.797	51	286.517	54	242.539	25	349.262	26
serás	1	Él dijo: ¡Serás panzón! — y justo así fue.	no										
panzón	1	Él dijo: ¡Serás panzón! — y justo así fue.	no										
pelo	1	- No, no. - Él dijo que me quedaría sin pelo y mírame bien.	sí	70.818	4	179.569	21	224.17	32	70.8476	10	102.635	8
mírame	1	- No, no. - Él dijo que me quedaría sin pelo y mírame bien.	no										
gentil	1	Él vio en mí un destino gentil.	sí	0	0	1.0067	1	2.2836	1	3.4456	1	0	0
uva	1	Y que, así, el poder de mi don como uvas va a madurar.	sí	7.1507	1	32.6415	5	12.4498	4	0	0	17.0156	1
madurar	1	Y que, así, el poder de mi don como uvas va a madurar.	sí	0	0	0	0	8.4144	3	3.4744	1	0	0
pactado	1	Él vio en mí un amor imposible pactado al fin.	no										
lazo	1	En lazos con otra.	sí	0	0	1.3169	1	6.0381	2	0	0	18.9428	2
denme	1	Ya digan lo que sepan de Bruno Denme la pura verdad de Bruno.	no										
puro	1	Ya digan lo que sepan de Bruno Denme la pura verdad de Bruno.	sí	53.3151	3	65.2532	11	48.534	10	19.5655	5	92.0413	6
llegaron	1	¡Llegaron! No hablemos de Bruno, no, no, no.	no										
habler	1	¡Llegaron! No hablemos de Bruno, no, no, no.	no										
miraboo	1	¡Miraboo! Lista para bailar, siento...	no										
lista	1	¡Miraboo! Lista para bailar, siento...	sí	23.1041	2	49.5712	9	75.4369	15	55.7694	10	144.855	9
siento	1	¡Miraboo! Lista para bailar, siento...	no										
meter	1	Me metí en la torre de  Bruno.	sí	7.1507	1	126.703	16	138.843	27	173.522	20	112.745	10
encontré	1	Encontré su visión. La familia peligra.	no										
peligrar	1	Encontré su visión. La familia peligra.	sí	0	0	0	0	0.9081	1	3.4744	1	0	0
agonizo	1	La magia agoniza, la casa se derrumba en donde Luisa se pierde.	no										
metistar	1	Mientras esté en los Guzmán nunca te metiste a la torre de Bruno,	no										
secreto	1	Será nuestro secreto.	sí	14.8619	3	20.6523	4	61.9504	14	42.59	4	50.2059	4
miércoles	1	Miércoles.	no										
esperer	1	Sí. Esperemos que esta noche no sea un horrible desastre.	no										
desastre	1	Sí. Esperemos que esta noche no sea un horrible desastre.	sí	0	0	12.7741	5	12.3377	4	17.6055	3	151.258	5
salud	1	¡Salud!	sí	36.9479	3	151.405	18	117.175	16	212.961	17	182.777	10
aguacate	1	¿Aguacate?	sí	4.954	1	7.061	2	24.643	6	17.3633	3	0	0
cara	1	Camilo. Cambia esa cara.	sí	129.065	7	257.235	33	186.908	31	202.312	20	438.51	23
agua	1	¿Agua?	sí	372.643	12	381.195	36	341.73	43	450.851	28	401.647	30
despejado	1	Cielos despejados.	no										
orden	1	¿Está todo en orden?	sí	55.9262	3	26.0268	6	73.991	13	49.4777	6	235.629	11
contentar	1	Todo está como nunca. Está contenta.	sí	5.3543	1	11.7727	4	1.2931	1	0	0	0	0
inmediatamente	1	- Sí. - Inmediatamente.	no										
quiero	1	- Quiero... - Es lo que quieres es aquí está.	no										
talento	1	Pues, bueno, la verdad es que, ya que todo el mundo aquí tiene un talento	sí	55.947	3	3.9284	2	9.9256	4	14.4318	4	0	0
extraer	1	Luisa, ¿quiere extraer el piano por favor?	sí	0	0	2.9415	1	30.1454	7	17.7241	3	58.8744	4
tradición	1	De hecho, es tradición familiar cantar después.	sí	193.336	12	140.978	21	136.267	25	68.8473	9	205.702	13
cantar	1	De hecho, es tradición familiar cantar después.	sí	253.365	15	320.302	37	156.11	32	48.4317	7	183.339	14
divino	1	Isabela, la más divina de todos los Madrigal.	sí	0	0	12.3299	3	25.6896	7	12.2342	2	0	0
casartir	1	¿Quieres casarte...?	no										
perdido	1	¡y estamos perdidos!	sí	0	0	0	0	4.2561	2	2.6116	1	0	0
explicación	1	Le espera tiene que haber una explicación.	sí	5.3543	1	57.2748	10	30.2885	7	58.2933	7	78.9848	6
hir	1	¿Lo qué has histe?	no										
inhala	1	Tranquila, mami. A ver inhala, y exhala.	no										
exhalar	1	Tranquila, mami. A ver inhala, y exhala.	no										
ayudame	1	¡Ayudame! Casita.	no										
sudado	1	Estás muy sudada.	no										
vale	1	- Vale. - ¿Qué?	sí	5.3543	1	2.9415	1	0	0	0	0	0	0
tomastar	1	¿Por qué tomaste la visión?	no										
volvistir	1	¿Por eso que volviste o...?	no										
suponía	1	Suponía que no llegas a esa visión. Nadie lo haría.	no										
azúcar	1	Azúcar.	sí	85.2514	4	97.8454	14	50.1976	8	96.3495	8	65.54	3
sana	1	Sana sana.	no										
sano	1	Sana sana.	sí	108.381	6	31.4057	7	71.2725	18	105.359	13	17.0156	1
reparar	1	¿Has vivido aquí reparando las grietas?	sí	0	0	11.6688	3	6.2015	2	3.4744	1	38.1253	3
reparación	1	Las reparaciones son obra de Hernando.	sí	0	0	6.1298	2	9.1919	3	17.3633	2	0	0
obra	1	Las reparaciones son obra de Hernando.	sí	128.66	7	232.301	33	192.17	35	332.744	37	548.33	27
jorge	1	Soy Jorge. Yo preparo la mezcla.	no										
preparo	1	Soy Jorge. Yo preparo la mezcla.	no										
mezcla	1	Soy Jorge. Yo preparo la mezcla.	sí	82.9336	4	45.5612	7	45.5832	10	35.6151	5	52.6565	4
vivar	1	¿Hace cuánto que vives aquí?	no										
eh	1	tengo esto, ¿eh? Estoy junto a la cocina	sí	23.3175	2	24.2952	4	39.632	9	22.8279	4	28.4142	3
cocina	1	tengo esto, ¿eh? Estoy junto a la cocina	sí	587.043	24	356.005	37	391.116	53	196.906	15	210.519	13
entretenimiento	1	muy además pueden entretenimiento.	sí	0	0	1.1794	1	1.2931	1	18.4738	4	8.5078	1
deporte	1	Dime qué te gusta. ¿Te gustan los deportes?	sí	743.667	35	341.128	40	200.482	32	151.743	16	91.3883	6
concurso	1	Concursos. Telenovelas.	sí	22.0981	2	125.439	18	97.7408	17	77.7547	8	9.4714	1
telenovelas	1	Concursos. Telenovelas.	no										
amnesia	1	Sí, porque ya su tía tiene amnesia,	no										
relación	1	por eso su relación está prohibida.	sí	163.187	7	186.718	23	229.363	38	410.161	35	521.869	30
montaña	1	Fue porque las montañas que rodean el encantan son super altas y...	sí	280.182	16	230.045	33	103.63	18	116.485	12	76.2506	6
rodear	1	Fue porque las montañas que rodean el encantan son super altas y...	sí	60.6137	5	109.507	17	99.7532	19	84.4357	10	128.042	10
sabrosa	1	...y como ya dije ay comida sabrosa gratis.	no										
llenar	1	Nunca se llenan.	sí	7.1507	1	38.3889	7	36.2339	7	50.1601	6	0	0
irtar	1	No importa, ya tienes que irte porque...	no										
tener él	1	No tengo una buena razón, pero de tenerla me dirías:	no										
diriar	1	No tengo una buena razón, pero de tenerla me dirías:	no										
detener yo	1	Pero si debo detenerme sí,	no										
dímelo	1	solo dímelo.	no										
decírtelo	1	No puedo decírtelo,	no										
suplicar	1	me suplicó ver hacia el futuro buscar la razón.	sí	0	0	0	0	5.3308	2	3.4744	1	0	0
decidido	1	Tu futuro no estaba decidido.	no										
proteger yo	1	¿Tú. Te fuiste para protegerme?	no										
equivocar	1	O me equivoque.	sí	0	0	7.6864	4	52.1119	10	48.6887	8	38.1253	3
créeme	1	Créeme es si pudiera ayudarte más, lo haría pero..	no										
desear	1	desearía saber visto más. ¡Así que ve más!	sí	39.4335	3	153.975	20	125.666	21	76.002	9	434	30
podrías	1	- Podrías intentar. - Pero no.	no										
eel	1	Eel peso del mundo no descansa sobre tus hombros. Se acabó.	no										
descansar	1	Eel peso del mundo no descansa sobre tus hombros. Se acabó.	sí	216.252	9	116.901	16	135.964	21	65.718	8	26.3283	2
hombro	1	Eel peso del mundo no descansa sobre tus hombros. Se acabó.	sí	3.0086	1	32.4436	6	12.2821	4	44.3153	7	26.3283	2
tengar	1	Todo dependerá de mí, así que quiero, que tengas otra visión.	no										
mostrar	1	Tal vez me muestra qué hacer.	sí	103.934	6	112.528	19	109.184	24	196.8	24	250.283	16
destruir	1	Mira, aunque quisiera hacerlo y no quiero, destruiste mi cueva divisiones.	sí	0	0	28.7184	6	13.8996	6	43.1053	6	38.1253	3
cueir	1	Mira, aunque quisiera hacerlo y no quiero, destruiste mi cueva divisiones.	no										
división	1	Mira, aunque quisiera hacerlo y no quiero, destruiste mi cueva divisiones.	sí	0	0	2.9415	1	0	0	3.4456	1	17.0156	2
espacio	1	Y es un problema, porque necesitamos un espacio abierto.	sí	56.4588	4	69.7827	14	134.076	22	240.929	24	299.914	18
buscarer	1	- Buscaremos uno. - ¿Dónde?	no										
use	1	Use en mi cuarto.	no										
quieto	1	Las ratas ya me contaron todo. No quieto.	sí	0	0	0	0	0.7224	1	20.908	4	0	0
debiste	1	Debiste decirmelo tan pronto tú viste la visión.	no										
decirmelo	1	Debiste decirmelo tan pronto tú viste la visión.	no										
calmate	1	Pepa, calmate.	no										
agradecer	1	Agradece que no es un huracán.	sí	4.954	1	28.8825	6	57.7281	13	10.4464	4	132.9	11
poner él	1	muchas personas empiezan a ponerse ansiosas por la magia.	no										
ansiosa	1	muchas personas empiezan a ponerse ansiosas por la magia.	no										
buscanla	1	Buscanla.	no										
apurar tú	1	Tal vez quieras apurarte.	no										
apresurar	1	No puedes apresurar el futuro.	no										
matar	1	Bruno provoca cosas malas y qué miedo y su visión seguro mató a mi pez.	sí	83.7931	6	21.2701	4	77.0754	17	65.9713	8	197.584	14
rara	1	a las personas raras de la familia y a veces les hacen mala fama.	no										
fama	1	a las personas raras de la familia y a veces les hacen mala fama.	sí	71.5901	4	19.0465	4	54.173	11	32.4594	6	26.3283	2
lograr él	1	Puedes lograrlo.	no										
nervio	1	Para los nervios.	sí	0	0	6.3153	2	7.8619	3	49.2402	5	8.5078	1
agarr	1	Es mejor que te agarres.	no										
desordenado	1	Es que todo desordenado.	no										
va	1	- ¡Creo que vas a salvar la vela! - ¿Cómo?	sí	0	0	0	0	5.1723	4	4.5688	2	0	0
dar él	1	Para que la vela brilla tienes que darle un abrazo.	no										
veo	1	¡La veo!	no										
supistar	1	Y claro no sé si supiste yo le dañe su propuesta.	no										
fastidiós	1	- Por si fuera poco, ella es tan fastidiosa. - ¿Mirabel?	no										
rosa	1	A ella es a la que le salen rosa...	sí	43.8046	3	31.6273	5	33.4668	7	65.6209	7	28.4142	3
temes	1	Temes que te vea la abuela.	no										
visitame	1	Oye, después de salvar el milagro, visitame.	no										
volverás	1	Después de salvar el milagro, volverás a casa.	no										
lograrás	1	Lo lograrás. Solo tienes que salvar el milagro.	no										
diferencia	1	Sé que hemos tenido nuestras diferencias,	sí	4.0172	1	77.6164	11	53.3647	12	137.047	13	91.3883	6
démonos	1	Así que démonos un...abrazo.	no										
dartir	1	¿Darte un abrazo?	no										
levantar	1	Luisa no levanta ni una empanada.	sí	249.296	14	251.836	34	252.147	40	302.146	29	77.6046	6
empanada	1	Luisa no levanta ni una empanada.	sí	47.9679	5	0	0	45.1763	12	0	0	0	0
nariz	1	¡Mariano tiene la nariz aplastada como una papaya!	sí	0	0	1.9216	1	40.575	10	119.231	12	92.0413	5
aplastado	1	¡Mariano tiene la nariz aplastada como una papaya!	no										
papaya	1	¡Mariano tiene la nariz aplastada como una papaya!	sí	0	0	18.9241	5	2.2836	1	0	0	0	0
locar	1	¿Te has vuelto loca?	no										
molestar	1	Isa, algo me dice que estás molesta.	sí	0	0	27.1224	6	116.219	22	91.7141	11	47.3569	5
pídeme	1	¿Te digo cómo hacer mejor hermana? Pídeme perdón por hacerme daño, Mirabel.	no										
hacer yo	1	¿Te digo cómo hacer mejor hermana? Pídeme perdón por hacerme daño, Mirabel.	no										
pidemelir	1	Vamos. Pidemelo ahora.	no										
seas	1	- ¡Qué tu vida seas tan fantástical! - Fuera.	no										
fantástical	1	- ¡Qué tu vida seas tan fantástical! - Fuera.	no										
pretender	1	No pretendía arruinarte la vida.	sí	0	0	0.1424	1	2.9493	2	56.3949	10	117.814	9
arruinarte	1	No pretendía arruinarte la vida.	no										
peor	1	Algunos tenemos problemas peores,	sí	35.3204	3	108.58	17	84.4609	13	232.86	22	143.298	11
princesa	1	¡Princesa egoísta!	sí	0	0	1.1794	1	48.6283	8	34.4562	4	18.9428	2
exigido	1	¡Se me hay exigido ser perfecta durante toda mi vida!	no										
casar	1	¡Todavía te puedes casar con tu novio escrito!	sí	356.127	14	292.409	37	144.796	29	105.654	13	289.709	17
novio	1	¡Todavía te puedes casar con tu novio escrito!	sí	217.34	10	256.484	29	110.663	20	67.1239	7	524.179	19
escrito	1	¡Todavía te puedes casar con tu novio escrito!	sí	0	0	1.1599	2	18.2708	5	7.8348	3	0	0
casar yo	1	¡Yo jamás quise casarme con él, solo lo hacía por la familia!	no										
damar	1	Okey, dame un abrazo.	no										
efecto	1	No esperaba este efecto.	sí	7.1507	1	20.9812	5	82.0695	16	146.565	15	215.557	16
audaz	1	Forma audaz, ¡qué impresión!.	no										
impresión	1	Forma audaz, ¡qué impresión!.	sí	0	0	7.5311	2	16.7944	5	52.3366	7	0	0
simétrico	1	No es simétrico o perfecto, pero es único.	sí	0	0	0	0	2.5862	2	0	0	17.0156	1
abrazos	1	Abrazos gratis, a mis brazos.	no										
rosas	1	De mis brazos, brotan rosas.	no										
mayo	1	Flor de Mayo, por el patio.	no										
patio	1	Flor de Mayo, por el patio.	sí	53.2817	4	30.3409	6	33.4943	8	30.2241	4	65.54	4
pos	1	Y mis poses muestro hermosas.	no										
hermosa	1	Y mis poses muestro hermosas.	no										
sonrisa	1	La mejor sonrisa en labios.	sí	44.6364	3	58.7568	10	55.3677	12	31.0373	5	112.745	7
labio	1	La mejor sonrisa en labios.	sí	21.452	3	9.5528	3	57.6804	12	36.7026	5	28.4142	3
impedir	1	Lo que en mí va a surgir nadie va a impedir.	sí	0	0	0.022	1	13.6768	6	35.4481	6	65.54	5
rocío	1	Una magnífica rocío del sol	sí	0	0	26.1745	12	0	0	2.2844	1	37.8856	3
carnívoro	1	Pero es carnívora, será con precaución.	sí	0	0	0	0	0.9081	1	0	0	0	0
precaución	1	Pero es carnívora, será con precaución.	sí	0	0	3.1429	2	0	0	1.826	1	48.776	3
emocionar yo	1	Yo quiero emocionarme con mi versión.	no										
versión	1	Yo quiero emocionarme con mi versión.	sí	31.769	2	33.4949	6	25.4358	6	100.207	11	38.1253	2
podrás	1	Hoy tus ojos se abren Al fin de este sueño podrás despertar.	no										
sabré	1	Sabré ser original.	no										
original	1	Sabré ser original.	sí	90.4707	5	13.7781	4	68.8149	15	111.515	11	89.1746	6
adorar	1	Pero adoro mirarte volar.	sí	0	0	44.5907	7	25.8897	7	11.3324	2	9.4714	1
mirarte	1	Pero adoro mirarte volar.	no										
elevar yo	1	Comienza a elevarme	no										
irremediablemente	1	Irremediablemente, aquí, viviendo ahora en el momento.	no										
comprender	1	Lo que yo haría al comprender que quiero ser imperfecta.	sí	118.199	10	134.066	29	223.113	41	69.8897	11	286.595	19
imperfecto	1	Lo que yo haría al comprender que quiero ser imperfecta.	sí	0	0	0	0	0	0	6.8912	2	9.4714	1
descubro	1	Descubro nuevas estructuras.	no										
estructura	1	Descubro nuevas estructuras.	sí	0	0	2.9415	1	15.7444	4	54.4371	7	64.8818	5
locura	1	descubrirá, que locuras.	sí	0	0	0	0	7.7505	3	3.4456	1	91.3883	4
claridad	1	Con claridad ya veo el camino	sí	0	0	6.939	2	0	0	12.2342	2	0	0
determinación	1	Determinación.	sí	0	0	0	0	0	0	12.2342	2	8.5078	1
creación	1	- ¿Será inspiración? - Tu nueva creación.	sí	4.8253	1	27.3691	5	27.59	7	38.7227	8	68.0625	5
influencia	1	Eres una mala influencia.	sí	23.1041	2	70.9498	12	32.9023	8	84.4565	9	64.8818	5
arruinaste	1	Claro que no está feliz. Arruinaste su propuesta.	no										
arruinar	1	No, es que yo debía arruinar su propuesta.	sí	0	0	3.1564	2	0	0	2.2844	1	0	0
debo	1	¡Debo salvar al milagro!	no										
iniciar	1	Las grietas iniciaron contigo.	sí	0	0	7.8139	3	10.0597	3	127.013	13	87.6065	7
excusa	1	pero no es una excusa para que sigas dañando a esta familia.	sí	5.3543	1	6.7748	2	19.945	5	22.4166	4	9.4714	1
suficientemente	1	Nunca voy a hacer es suficientemente buena para ti.	no										
ser él	1	No importa qué tanto intenté serlo.	no										
cualquiera	1	No importa qué tanto lo intente cualquiera de nosotros.	sí	221.753	9	104.54	15	145.697	26	529.77	46	369.427	24
veía	1	Bruno dejó esta familia porque tu solo veías lo peor en él.	no										
amamos	1	Yo amo a esta familia. Todos amamos a la familia.	no										
atreva	1	- Tu eres la que derrumba nuestro hogar. - Nunca te atrevas...	no										
déjala	1	Mirabel, ¡déjala!	no										
rapido	1	Julieta, ¡ven rapido!	no										
mueir	1	No te muevas. Vuelvo en un minuto.	no										
minuto	1	No te muevas. Vuelvo en un minuto.	sí	54.571	5	77.5773	13	93.006	18	163.239	15	38.8023	3
llor	1	- ¿Están todos bien? - Antonio, no llores, papito.	no										
papito	1	- ¿Están todos bien? - Antonio, no llores, papito.	no										
sujetar él	1	- Intenté sujetarla. No podía. - El encanto se ha roto.	no										
perdóname	1	Perdóname.	no										
hacerno	1	No quería hacernos daño.	no										
capaz	1	Jamás había sido capaz de volver aquí.	sí	4.8253	1	1.0521	1	66.5785	11	102.439	7	127.585	11
mujer	1	Creí que yo podría ser una mujer diferente.	sí	764.237	29	1040.17	101	1117.82	129	581.828	44	912.738	40
enamorada	1	Dos oruguitas, enamoradas.	no										
llenas	1	Llenas de hambre, siguen andando.	no										
hambre	1	Llenas de hambre, siguen andando.	sí	41.9605	3	137.398	17	83.2829	18	18.4738	3	50.2059	4
andar	1	Llenas de hambre, siguen andando.	sí	196.819	9	121.189	19	239.396	42	144.633	15	192.043	13
rincón	1	Buscar algún rincón, el tiempo sigue cambiando.	sí	43.661	3	24.6325	5	26.2077	6	59.6508	7	0	0
inseparables	1	Inseparables son y el tiempo sigue cambiando.	no										
desorientado	1	Dos oruguitas, desorientadas.	no										
capullo	1	En dos capullos, bien abrigadas	no										
abrigada	1	En dos capullos, bien abrigadas	no										
tumbar	1	Tumbando sus paredes, ahí viene nuestro milagro	sí	3.0086	1	1.0521	1	4.7346	2	9.1377	4	28.4142	3
pared	1	Tumbando sus paredes, ahí viene nuestro milagro	sí	58.0892	5	70.4161	11	77.0337	16	59.3961	8	210.626	12
perder él	1	Y tenía tanto miedo de perderla,	no										
lastimado	1	Estamos lastimados...	no										
sufrir	1	Has sufrido tanto abuela.	sí	12.0516	3	44.6264	8	79.3033	18	127.376	15	144.205	11
arregler	1	que no arreglemos juntos.	no										
enviar	1	Te envió a ti.	sí	67.3016	5	141.65	23	117.516	27	276.178	37	8.5078	1
necia	1	No me importa lo que digan de mí pero si eres muy necia para...	no										
vamonos	1	Vamonos.	no										
lleva	1	¿Qué está pasando? ¿Adónde nos llevas?	no										
preocupastar	1	Mi amor, me preocupaste.	no										
encontrár	1	No te encontrábamos.	no										
abeja	1	Había abejas en todas partes.	sí	0	0	1.1794	1	0	0	5.4781	2	0	0
guardar	1	Mira este hogar, aun guarda esperanza.	sí	23.2306	2	122.856	20	130.338	24	72.4797	9	89.1746	7
vislumbrar	1	Cimientos nuevos podremos vislumbrar.	no										
estallar	1	Y esta familia, constelación que estalla.	sí	0	0	0	0	4.5672	2	3.4456	1	78.9848	6
arder	1	Más ardiendo han de alumbrar.	sí	0	0	1.3169	1	0	0	17.493	2	18.9428	2
aferrar	1	Y yo me aferraba y fue un error.	sí	0	0	0	0	0	0	0	0	8.5078	1
error	1	Y yo me aferraba y fue un error.	sí	14.476	3	27.3175	6	25.9549	6	66.1668	8	161.649	11
temor	1	Mi gran temor los alejó.	sí	0	0	0	0	2.5862	2	3.4456	1	26.3283	2
alejar	1	Mi gran temor los alejó.	sí	21.452	3	12.117	3	82.5208	15	109.171	14	65.54	5
lección	1	Aprendo la lección, la magia no es un don.	sí	9.6507	2	0	0	0.7224	1	11.3435	2	0	0
lamento	1	¡Voy yo, muy bien! Pepa, lamento molestarte,	sí	0	0	0	0	0	0	3.4744	1	0	0
molestarte	1	¡Voy yo, muy bien! Pepa, lamento molestarte,	no										
sudabas	1	Sudabas nerviosa y solo quería ayudarte.	no										
nevar	1	Para ti, los demás, al llover, al nevar,	sí	31.8523	2	8.526	3	0	0	3.4456	1	0	0
sospecha	1	Son mis sospechas siempre.	sí	0	0	6.5998	2	2.2836	1	0	0	18.9428	2
disculpar yo	1	Quiero disculparme tanto, lo esperé.	no										
esperé	1	Quiero disculparme tanto, lo esperé.	no										
abrázanos	1	- Abrázanos ya. - Hoy vamos a disfrutar.	no										
disfrutar	1	- Abrázanos ya. - Hoy vamos a disfrutar.	sí	199.668	11	118.868	17	138.228	27	246.406	27	78.203	7
diario	1	Lo sabía, no se fue, a diario lo escuché.	sí	129.663	7	120.161	14	78.1625	13	62.5352	7	65.54	4
escuché	1	Lo sabía, no se fue, a diario lo escuché.	no										
acá	1	El pueblo viene para acá.	sí	85.808	10	33.0344	8	50.2397	17	22.3091	3	0	0
pasión	1	Lo haremos juntos con pasión.	sí	71.5901	5	45.0841	7	32.054	8	80.7284	10	143.298	8
equipo	1	Un equipo de ensueño hay aquí, ¡qué vigor!	sí	55.947	4	216.644	24	229.738	28	332.268	31	184.298	11
vigor	1	Un equipo de ensueño hay aquí, ¡qué vigor!	sí	0	0	0	0	6.0381	2	14.1566	2	0	0
suelo	1	- Sí, más suelo llorar. - Yo igual.	sí	106.147	6	84.9411	12	160.737	28	158.191	15	381.331	16
llorar	1	- Sí, más suelo llorar. - Yo igual.	sí	14.3013	2	101.099	16	135.177	25	71.6438	9	183.339	15
compartir	1	Comparto la labor y es emocionante.	sí	101.77	6	52.9395	10	116.736	21	227.35	25	184.714	12
labor	1	Comparto la labor y es emocionante.	sí	0	0	0	0	10.2315	3	90.3042	9	38.1253	3
emocionante	1	Comparto la labor y es emocionante.	sí	5.0445	1	16.8053	4	14.5822	5	0	0	0	0
querré	1	Yo querré Sol y un fertilizante.	no										
fertilizante	1	Yo querré Sol y un fertilizante.	sí	0	0	0	0	0	0	2.6116	1	0	0
espigas	1	¡Así! Espigas flotando hasta elevar.	no										
flotar	1	¡Así! Espigas flotando hasta elevar.	sí	7.1507	1	0	0	1.2931	1	3.4456	1	38.8023	3
elevar	1	¡Así! Espigas flotando hasta elevar.	sí	0	0	8.8774	3	12.9104	5	88.7629	11	87.0846	7
ardiendo	1	Ardiendo han de alumbrar.	no										
irradiar	1	e irradian su calor.	no										
calor	1	e irradian su calor.	sí	153.587	7	148.06	18	130.19	20	40.4909	5	71.7298	5
notar	1	¿Ya notaste cuanto creció?	sí	7.1507	1	40.2837	11	85.67	17	23.429	5	196.62	13
ofrecer	1	Te--tengo un amor por ofrecer.	sí	418.01	21	166.594	25	313.683	54	471.329	46	605.868	42
informado	1	Okey, estoy informada, bye.	no										
bye	1	Okey, estoy informada, bye.	no										
proteg	1	proteges a tu madre y orgullosa está.	no										
madre	1	proteges a tu madre y orgullosa está.	sí	300.237	14	332.406	36	410.614	47	244.424	21	642.919	24
poesía	1	De noche, antes de dormir, tus poesías sueles escribir.	sí	23.2306	2	79.3032	15	85.5483	14	10.9736	2	18.9428	2
suel	1	De noche, antes de dormir, tus poesías sueles escribir.	no										
escribir	1	De noche, antes de dormir, tus poesías sueles escribir.	sí	576.355	29	661.528	81	501.329	88	544.626	56	490.93	35
quisierar	1	Y aprovecho el momento, por si quisieras pensar en mí.	no										
casamos	1	- ¿Nos casamos? - ¡Tranqui!	no										
tranqui	1	- ¿Nos casamos? - ¡Tranqui!	no										
mirer	1	Por terminar, miremos si algo falta.	no										
valiente	1	Valiente resplandor.	sí	4.954	1	15.3225	4	23.2786	6	0	0	9.4714	1
resplandor	1	Valiente resplandor.	sí	0	0	0	0	0.4332	1	3.4456	1	0	0
interior	1	Y escucha tu interior.	sí	41.2333	3	24.0412	5	30.8098	7	46.2111	6	143.298	10
entren	1	¡Vamos! ¡Entren!	no										
