lema	frecuencia	contextos
mirabel	59	Tu eres asombrosa, Mirabel Madrigal. || - ¿Y Mirabel? - Comienza la abuela y luego tía Pepa, que el clima gobierna . || ¿Y Mirabel? || - ¿Y Mirabel? - Mi padre Agustín, pues, le pasa de todo, mas lindo es. || Mirabel. || - Familia asombrosa. - Mirabel. || - También formo parte de. - Mirabel. || ¡Mirabel! || Mirabel no tiene un don. || ¡Mirabel! ¡Una entrega! || Mirabel, sé que quieres ayudar, amor. || Mamá, hablé con Mirabel, okay. || - ¡Sabes algo! - ¡Mirabel! || Mirabel y yo estuvimos conversando sobre cómo cargo demasiado. || Mirabel. Ah, tengo que recoger a los Guzmán para compromiso de Isabella. || Mirabel, olvídalo. Tenemos que estar listos para los Guzmán. || ¿Mirabel? || ¡Mirabel sale en la visión de Bruno! || Mamá, siempre has sido muy dura con Mirabel. || Mirabel estaba en la visión por una razón. || - Por si fuera poco, ella es tan fastidiosa. - ¿Mirabel? || - ¡Tenía que ser Isabella! - ¿Mirabel? || Esa era tu visión, Mirabel. No la mía. || ¿Te digo cómo hacer mejor hermana? Pídeme perdón por hacerme daño, Mirabel. || - Mirabel. - ¡Y por eso me vi en la visión! || ¡Tienes que parar ya, Mirabel! || Mirabel, ¡tienes que salir! || - ¡Mirabel! - ¡Mirabel! || Mirabel, ¡déjala! || ¡Mirabel! ¡La casa se va a caer! || - Mirabel, ¡sal! - ¡Mirabel! || Mirabel, ¿te hiciste daño? || ¡Mirabel! ¿Dónde está Mirabel?
familia	53	Esta vela contiene el milagro que recibió nuestra familia. || Y juntos los dones de nuestra familia ... || Trairás orgullo a tu familia || Traer orgullo a mi familia. || Traer orgullo a tu familia. || Es mi familia, constelación perfecta. || Esta es la familia Madrigal || Soy de la familia Madrigal. || Así es la familia Madrigal. || Mas soy de la familia Madrigal . || Somos así en la familia Madrigal . ¡Adiós! || - Familia asombrosa. - Mirabel. || Querían oír sobre la familia y... || soy realmente especial igual que resto de mi familia. || Solo quiero hacer mi parte como el resto de la familia. || Cuando tú tío Félix y yo nos unimos a esta familia, || Todo el pueblo depende de nuestra familia, de nuestros dones. || y dejar que el resto de la familia haga lo que hace mejor. || Porque tengo una asombrosa familia || Y el más grande honor de nuestra familia... || Solamente cuidaba a mi familia, || Eres igual de especial que cualquier otro en esta familia. || Mira, mi hermano bruno perdió en el camino en esta familia. || Si en la familia supiera cuán vulnerables somos en realidad. || Ayúdame a proteger a la familia. || pero sí hay una persona en esta familia que puede oír todo sobre lo que pasa aquí. || - Luisa. - Familia. || y ambas familias podrán fortalecer ese. || La familia Madrigal. || Bienvenida a la familia Madrigal. || Encontré su visión. La familia peligra. || Mi don no le servía a la familia, || pero amo a mi familia, en serio. || Quería ver a mi familia, orgullosa de mí. || si voy a dañar a mi familia, || la familia, el encanto || La familia nos necesita a bruno y tú tienes que salir de aquí. || Piensa en la familia. || Debemos proteger a la familia, al encanto. O no tendremos hogar. || a las personas raras de la familia y a veces les hacen mala fama. || Lo no sé. La familia tuvo un milagro que salva el milagro familiar. || El destino de la familia no no depende de ella. || La abuela estaba feliz. La familia estaba feliz. || ¡Yo jamás quise casarme con él, solo lo hacía por la familia! || pero no es una excusa para que sigas dañando a esta familia. || Bruno dejó esta familia porque tu solo veías lo peor en él. || Él ama esta familia. || Yo amo a esta familia. Todos amamos a la familia. || Nunca le hiciste daño a la familia, Mirabell. || Somos una familia y todo gracias a ti. || Y esta familia, constelación que estalla. || ¡La familia Madrigal!
bruno	46	Mi tío Bruno... || ¡No se habla de Bruno!) || Mira, mi hermano bruno perdió en el camino en esta familia. || Cuando aún estaba el tío Bruno, || ¿El tío Bruno? ¿y que había en su visión? || Pero si algo le pasa a la magia, empieza en la torre de Bruno. || Bruno, ¡tú cuarto es el peor! || ¿Por qué aparezco en tu visión bruno? || Aquí nunca se habla de Bruno. || Nadie habla de Bruno. || No se habla de Bruno, no, no, no. || No se habla de Bruno. || Bruno con voz misteriosa habló. || Miedo al ver a Bruno balbuceando y tropezando. || Bruno. Sí, sobre Bruno. || Ya digan lo que sepan de Bruno Denme la pura verdad de Bruno. || - Bruno dice que parece que va a llover. - ¿Por qué se lo dijo? || ¡Llegaron! No hablemos de Bruno, no, no, no. || ¿Por qué hablé sobre Bruno? || No hay que hablar sobre Bruno. || ¡No debo nunca hablar de Bruno! || Me metí en la torre de  Bruno. || Mientras esté en los Guzmán nunca te metiste a la torre de Bruno, || ...la visión de Bruno. || La visión de Bruno. || ¡Mirabel sale en la visión de Bruno! || ¡De verdad no estoy haciendo nada! ¡Es la visión de Bruno! || ¿Tío Bruno? || porque soy bruno y todo el mundo piensa lo peor así que... || La familia nos necesita a bruno y tú tienes que salir de aquí. || "Bruno provoca cosas malas y qué miedo y su visión seguro mató a mi pez". || Bruno se fue por culpa tuya. || Bruno dejó esta familia porque tu solo veías lo peor en él. || A Bruno nunca le importó. || Entonces, ¿vamos a hablar sobre Bruno? || ¿Es Bruno? || Sí, tanto que decir sobre Bruno.
don	43	el milagro bendijo a cada uno, con un don mágico para ayudarnos. || Y juntos los dones de nuestra familia ... || Esta noche, esta vela va darte tu don, mi vida. || ¿Y cuál será mi don, abuela? || El don que te esté esperando... || ¿Cuándo veremos el don mágico? || ¿Cuál es su don? || - ¡Ya vienen, son ellos! - ¿Cuáles son los dones? || - Nunca me aprendo todos los dones - ¡Yo no sé quien es quién! || Esfuerzo y alegría encenderán nuestros dones . || Camilo muta, Antonio hoy recibe el don. || Pero, ¿cuál es tu don? || <¡Iba a contarnos cuál es su increíble don!> || Mirabel no tiene un don. || ¿Tú no tienes un don especial? || Te traje el especial, por ser la única Madrigal que no tien un don. || Le llamo "Nuestra Especial no Especial", ya que no hubo un don para ti. || La última ceremonia de don fue un fracaso. || Porque la verdad es que con o sin don, || Tal vez tu don es vivir en negación. || dos extraños sin un don especial que jamás tendrían un, || Todo el pueblo depende de nuestra familia, de nuestros dones. || Si la ceremonia del don, sale bien esta vez, || Recibirás tu don y abrirás la puerta || y estar contigo al recibir tu don y tu puerta... || ha sido usar nuestros dones para servir a esta preciosa comunidad. || ¿Usarás tu don para honrar a nuestro milagro? || ¡Tenemos un don nuevo! || Tienes un don tan especial como tú. || Bendiciones te pido, aunque no tenga un don. || Todos nos regocijamos por Antonio y su maravilloso don... || ¡Mi don! || - ¡He perdido mi don! - ¿Qué? || Raro el don de ir visualizando. || Y que, así, el poder de mi don como uvas va a madurar. || El don de Luisa no se pierde. || Mi don no le servía a la familia, || Tuve esta visión la noche en que tu don no se manifestó. || No sé por qué tú no recibiste un don, || Son más que solo un don. || Aprendo la lección, la magia no es un don. || No hay ningún don y somos muchos. || Tú eres nuestro don, cree en ti.
milagro	38	Esta vela contiene el milagro que recibió nuestra familia. || Y de dónde salió el milagro? || sucedió un milagro. || El milagro creció. || el milagro bendijo a cada uno, con un don mágico para ayudarnos. || Y juntos merecer el gran milagro. || Y revelando milagros en cada piso. Noche de fiesta, todos llegan para gozar || Sigue bailando, contento en mi paraíso Y revelando milagros en cada piso. || ¡Ahí tienes! Sigue bailando, contento en mi paraíso Y revelando milagros en cada piso. || Y revelando milagros en cada piso. ¡Ahí tienes! Y revelando milagros en cada piso. || Noche de fiesta, todos vienen a celebrar Y revelando milagros en cada piso. Y revelando milagros en cada piso. || Y revelando milagros en cada piso. || esta vela nos bendijo con un milagro. || ¿Usarás tu don para honrar a nuestro milagro? || Si nuestro milagro a agoniza... || Ayúdame a salvar nuestro milagro. || Yo voy a salvar nuestro milagro. || ¿Pero cómo se salvo un milagro? || Averiguar lo que él le está pasando al milagro. || jamás debemos dar por echo nuestro milagro, || el destino del milagro en si... || Lo no sé. La familia tuvo un milagro que salva el milagro familiar. || Oye, después de salvar el milagro, visitame. || Después de salvar el milagro, volverás a casa. || Lo lograrás. Solo tienes que salvar el milagro. || Vamos a salvar el milagro. La magia... || ¡Debo salvar al milagro! || El milagro agoniza por culpa tuya. || Este río. Aquí es donde recibimos el milagro. || Vienen milagros, vienen crisálidas. || Tumbando sus paredes, ahí viene nuestro milagro || Se me concedió un milagro. || que acabe olvidando para quién debía hacer ese milagro. || Se nos concedió un milagro gracias a ti.
querer	33	El tío Félix quiso a Pepa, y mi pa' quiso a Julieta . || Querían oír sobre la familia y... || Solo quiero hacer mi parte como el resto de la familia. || Mi amor, si quieres hablar de eso... || Mirabel, sé que quieres ayudar, amor. || Colombia, te quiero tanto || Y unos ojos que al ver quieran mirar. ¡Ábrelos ya! || No quiero que te pase a ti. || y luego empeora porque no quieres decirme qué pasa... || Guau, no quise gritar a. || Hércules dijo: ¡No quiero, renuncio! || Perdón. Lo siento, no quise. || Solo quiero saber si es en general era positivo o no era tan positivo.. || Quería ver a mi familia, orgullosa de mí. || Todo dependerá de mí, así que quiero, que tengas otra visión. || Mira, aunque quisiera hacerlo y no quiero, destruiste mi cueva divisiones. || Quieren hablar con usted. || Quiero que salga. || ¡Yo jamás quise casarme con él, solo lo hacía por la familia! || Yo quiero emocionarme con mi versión. || Lo que yo haría al comprender que quiero ser imperfecta. || No quería hacernos daño. || Sólo quería hacer... || Sólo quería ayudar. || ¿Qué? No la tenemos. ¿No quieres que diga la verdad? || Sudabas nerviosa y solo quería ayudarte. || Te quiero a ti decir que tu hermano está aquí. || Quiero disculparme tanto, lo esperé.
ver	32	¿Cuándo veremos el don mágico? || Perdón, podrías. Te ves genial. || ¿Han visto mi tiple? || Yo sé lo que vi. || Anoche, cuando viste las grietas, || ¿Solo no entendían lo que veía? || Veo que pronto lloverá. || Él dijo mi pez se moriría, ¡y ve! || Él vio en mí un destino gentil. || Él vio en mí un amor imposible pactado al fin. || y vi la magia en peligro. || Y luego, te vi a ti. || Suerte. Ojalá hubiera visto más. || desearía saber visto más. ¡Así que ve más! || Debiste decirmelo tan pronto tú viste la visión. || - No ves que me esfuerzo. - Sí. || Si veo algo que no te guste vas a pensar: || ¡No estamos viendo algo! || Estás viendo lo mismo que yo. || Ves que creo que no ves lo que pasa. || Temes que te vea la abuela. || Espera. Ven aquí, ven aquí. || - Ven aquí, ven aquí. - ¿Será inspiración? || ¿Hacia dónde está viendo? || Solo he visto tus flores brotar. || Con claridad ya veo el camino || - Mirabel. - ¡Y por eso me vi en la visión! || Julieta, ¡ven rapido! || ¿Sabes? Mi prima es como tú ¿Has visto a Dolores? || Dolores, te veo. || Me veo a mí.
luisa	29	Mis dos hermanas Isabela y Luisa. || (Luisa, Luisa, Luisa, Luisa) es fuerza irreal. || Luisa, ¡el piano debe ir arriba! || y tal vez yo no sea súper fuerte como luisa || y luisa oía ese tic de su ojo toda la noche. || - Luisa. - Familia. || Luisa, Dolores está super ansiosa. || - Yo ayudo a Luisa. - Para. || Luisa, oye. ¿Qué? || ¡Oye, Luisa, espera! || - Luisa, ¿puedes reencauzar el río? - Sí claro. || - Luisa, los burros otras veces salieron. - Ya voy. || ¡Luisa! || Luisa, mi casa está inclinando. || Luisa, porque no me... || Luisa, si sabes qué daña la magia || Luisa está bien. No me siento nerviosa. || - ¡Luisa! ¡Los burros! - ¡Ya voy! || Tú deja en paz a Luisa hasta que yo hable con ella. || La magia agoniza, la casa se derrumba en donde Luisa se pierde. || El don de Luisa no se pierde. || Luisa, ¿quiere extraer el piano por favor? || - ¡Soy un fracaso! - ¡Luisa! || Luisa no levanta ni una empanada. || Luisa se queda sin poderes. Isabella está fuera de control. || Luisa nunca será tan fuerte como deseas.
visión	29	le llegó una horrible visión al respecto. || ¿El tío Bruno? ¿y que había en su visión? || Busca esa visión. || ¡Espera! ¡Como busco una visión? ¡Cómo sé lo que debo buscar? || "Busca la visión, salva el mila... ". || ¿Por qué aparezco en tu visión bruno? || si el hubiera tenido una visión sobre una persona, ¿qué significa..? || Siempre tenía visiones terribles y luego.. || Encontré su visión. La familia peligra. || ...la visión de Bruno. || La visión de Bruno. || ¡Mirabel sale en la visión de Bruno! || ¡De verdad no estoy haciendo nada! ¡Es la visión de Bruno! || ¿Por qué tomaste la visión? || Suponía que no llegas a esa visión. Nadie lo haría. || ¿Por qué estaba yo en tu visión? || Tuve esta visión la noche en que tu don no se manifestó. || Pero la visión era diferente, cambiaba. || Pero es un misterio, un misterio. Por eso esta visión es... || Debes tener otra visión. || No. Es que dejen las visiones hace mucho. || Todo dependerá de mí, así que quiero, que tengas otra visión. || Debiste decirmelo tan pronto tú viste la visión. || Mirabel estaba en la visión por una razón. || "Bruno provoca cosas malas y qué miedo y su visión seguro mató a mi pez". || Es lo visión. ¡Tengo que parar! || Esa era tu visión, Mirabel. No la mía. || - Mirabel. - ¡Y por eso me vi en la visión! || ¡Yo le di una visión!
madrigal	28	Tu eres asombrosa, Mirabel Madrigal. || Bueno, "nosotros", no les contaré sobre mí nada más. Yo formo parte de los sorprende Madrigal. || ¿Los increíbles Madrigal? || Esta es la familia Madrigal || Hogar de mi gente, Madrigal. || Soy de la familia Madrigal. || Así es la familia Madrigal. || Mas soy de la familia Madrigal . || Dos tipos que amaban a los Madrigal. || Pues ahora son un par de famosos Madrigal. || Y así la abuela se hizo una abuela Madrigal. || Sabrán mucho más de un Madrigal. || Así es nuestra vida Madrigal. || Somos así en la familia Madrigal . ¡Adiós! || Me tengo que ir, la vida de un Madrigal. || Pero conocieron más de los Madrigal. || Es solo un repaso sobre los Madrigal . || Te traje el especial, por ser la única Madrigal que no tien un don. || Ey, no importa, pues todos somos Madrigal. || No hay nada malo con la casa madrigal. || La familia Madrigal. || Bienvenida a la familia Madrigal. || Hay muchas escaleras en la Casa Madrigal. || Los Guzmán y los Madrigal juntos le van a hacer un gran bien al encanto. || Isabela, la más divina de todos los Madrigal. || Somos los Madrigal. || ¡La familia Madrigal!
pasar	28	- ¿Y Mirabel? - Mi padre Agustín, pues, le pasa de todo, mas lindo es. || ¿Y qué pasa si no funciona? || No quiero que te pase a ti. || ¿Por qué tiene que pasar esto? || Averiguar lo que él le está pasando al milagro. || pero sí hay una persona en esta familia que puede oír todo sobre lo que pasa aquí. || Así que si alguien sabe qué le pasa. || pero tal vez se pasó algo y tal vez yo de vas a verlo. || ¿Será que sabes algo sobre lo que pasó anoche con la magia? || - Lo siento. - ¿A ti qué te pasa? || Dolores dijo que tenías un tic. Eso nunca te pasa. || - Sola cuéntame qué pasa. - No hay nada que contar. || y luego empeora porque no quieres decirme qué pasa... || ¡No pasa nada! || ¿Por qué pasaría algo malo? || Yo paso y aplasto si es lo necesario, mas || Pero si algo le pasa a la magia, empieza en la torre de Bruno. || ¿Pero qué está pasando? || No sé qué pasará al final pero || ¿Y qué pasa si lo que te muestro es peor? || Siempre pasa. || Ves que creo que no ves lo que pasa. || ¿Qué está pasando? || ¿Qué pasa con Antonio? ¿Qué va a hacer? || Pasan sus noches y madrugadas. || Para que no volviera a pasar nunca. || Como que siento que algo pasó y me lo perdí. || ¿Qué está pasando? ¿Adónde nos llevas?
magia	24	¿De aquí es de donde viene nuestra magia? || También les digo magia. || Y magia encendida tendrán por generaciones . || La magia está fuerte. || Como el problema con la magia de anoche que no le preocupa a nadie más || La única preocupada por la magia eres tú. || ¿Será que sabes algo sobre lo que pasó anoche con la magia? || Debes contarnos de la magia. || Luisa, si sabes qué daña la magia || Yo estoy bien. La magia está bien. || ¿Qué está dañando a la magia? || Pero si algo le pasa a la magia, empieza en la torre de Bruno. || Podría haber otra forma de subir con nuestra magia, pero no. || ¿Qué está daño por la magia? || La magia agoniza, la casa se derrumba en donde Luisa se pierde. || la magia no está agonizando, no se derrumba la casa. || ¡La magia sigue fuerte! ¡Todo aquí está bien! || A la abuela le preocupó la magia así que || y vi la magia en peligro. || muchas personas empiezan a ponerse ansiosas por la magia. || Vamos a salvar el milagro. La magia... || Aprendo la lección, la magia no es un don. || La magia eres tú, || La magia eres tú.
poder	22	no pudimos escapar de peligro. || Y nos bendijo con un refugio donde podríamos vivir. || - ¿Cuáles son tus poderes? - ¡Dinos qué sabe hacer cada uno! || Podía ver el futuro, él desapareció . || y que tú puedas contarme a mí lo que sea. || - Si no puedes poner atención yo, te ayudo. - Yo... || - Luisa, ¿puedes reencauzar el río? - Sí claro. || Podré || ¿Me puedes a hacer que pare la arena? || ¿Que tú y no puedes ayudar? || Cual si lo pudiera oír - De ti ni un sonido saldrá. || Créeme es si pudiera ayudarte más, lo haría pero.. || No puedes apresurar el futuro. || Puedes lograrlo. || Puedes hacerlo, puedes hacerlo. Yo sé que sí puedo hacer. || ¡Todavía te puedes casar con tu novio escrito! || Luisa se queda sin poderes. Isabella está fuera de control. || - Intenté sujetarla. No podía. - El encanto se ha roto. || Mis poderes han desaparecido. No sé. || Cimientos nuevos podremos vislumbrar. || Ya no importa, podremos nuestro camino hacer.
noche	20	Esta noche, esta vela va darte tu don, mi vida. || La noche de mi niño debe ser perfecta y no lo es. || Pero esta noche, debe salir a la perfección. || Esta noche será difícil para ella. || será una noche difícil para todos. || Y revelando milagros en cada piso. Noche de fiesta, todos llegan para gozar || Noche de fiesta, todos vienen a celebrar Y revelando milagros en cada piso. Y revelando milagros en cada piso. || Esta noche nos hemos reunido de nuevo... || ¡Es una gran noche! ¡Todo es perfecto hoy! || Ni tendré otra noche esperando tener... || yo nunca podría dañarle la noche Antonio. || y luisa oía ese tic de su ojo toda la noche. || Esta noche. Quiere cinco bebés. || Esta noche no podemos tener más problemas. || No digamos nada. La abuela lo quiere una noche perfecta. || Sí. Esperemos que esta noche no sea un horrible desastre. || ¡Por una noche perfecta! || Tuve esta visión la noche en que tu don no se manifestó. || Pasan sus noches y madrugadas. || De noche, antes de dormir, tus poesías sueles escribir.
casa	19	Y nuestra casa, || Tengo mucho que hacer. La casa no se decorará sola. || y una asombrosa casa. || Siguen abiertas y el café se cuela en la casa || ¡La casa está peligro! ¡La casa está peligro! || La casa estaba en riesgo la, la vela estaba. || No hay nada malo con la casa madrigal. || Nada. Tengo cosas que hacer así que tal vez quieras irte a casa. || Luisa, mi casa está inclinando. || Hay muchas escaleras en la Casa Madrigal. || La magia agoniza, la casa se derrumba en donde Luisa se pierde. || la magia no está agonizando, no se derrumba la casa. || Nuestra casa derrumbándose. || Después de salvar el milagro, volverás a casa. || ¡Mirabel! ¡La casa se va a caer! || A casa. || No si no tenemos una casa. || ¿Eso de ahí? No es una casa.
salir	18	Y de dónde salió el milagro? || Pero esta noche, debe salir a la perfección. || Si la ceremonia del don, sale bien esta vez, || - Luisa, los burros otras veces salieron. - Ya voy. || Solo se me salió solo iba a decir que... || "Busca la visión, salva el mila... ". || Soleado y que el sol salga. || Que salga ya. || Cual si lo pudiera oír - De ti ni un sonido saldrá. || ¡Mirabel sale en la visión de Bruno! || La familia nos necesita a bruno y tú tienes que salir de aquí. || Lo no sé. La familia tuvo un milagro que salva el milagro familiar. || A ella es a la que le salen rosa... || Quiero que salga. || ¡Hay que salir de aquí! || Mirabel, ¡tienes que salir! || Nos salvamos gracias a ti. || Salió a su mamá.
tener	18	tu abuelo Pedro y yo tuvimos que escapar de nuestro hogar. || ¿Tú no tienes un don especial? || dos extraños sin un don especial que jamás tendrían un, || ¡No tienes nada que demostrar! || - ¡Pepa! ¡Tienes una nube! - Ya sé, mamá. || No tienes nada de que preocuparte. || ¡Ahí tienes! Sigue bailando, contento en mi paraíso Y revelando milagros en cada piso. || Y revelando milagros en cada piso. ¡Ahí tienes! Y revelando milagros en cada piso. || Tienes un don tan especial como tú. || Tienes otra vez el tic... || ¡Te pelo! ¿Qué tienes ahí? || No importa, ya tienes que irte porque... || Tuve esta visión la noche en que tu don no se manifestó. || La familia nos necesita a bruno y tú tienes que salir de aquí. || Debemos proteger a la familia, al encanto. O no tendremos hogar. || ¡Tienes que parar ya, Mirabel! || Mirabel, ¡tienes que salir! || Creí que tendríamos una vida diferente.
abuela	18	¿Y cuál será mi don, abuela? || No hay que olvidar, la abuela lleva el show. || Y así la abuela se hizo una abuela Madrigal. || - ¿Y Mirabel? - Comienza la abuela y luego tía Pepa, que el clima gobierna . || La abuela dice ya es la hora. || ¡Vamos, abuela! || Abuela, de verdad vi... || Por ti, por la abuela... || Abuela, ten la sombrilla. || Deja a la abuela como a todos temblando. || -Sabrás que lo tomé muy mal - Abuela, ten la sombrilla. || No digamos nada. La abuela lo quiere una noche perfecta. || A la abuela le preocupó la magia así que || Temes que te vea la abuela. || La abuela estaba feliz. La familia estaba feliz. || ¿Abuela? Tranquila. || Abuela. Ya puedo entender.
perfecto	17	Es mi familia, constelación perfecta. || La noche de mi niño debe ser perfecta y no lo es. || ¡Es una gran noche! ¡Todo es perfecto hoy! || o divinamente perfecta como la señorita perfecta Isabela || Un joven tan guapo con nuestra perfecta Isabela... || Son una pareja perfecta. || Tan perfecta. || No digamos nada. La abuela lo quiere una noche perfecta. || ¡Por una noche perfecta! || La más perfecta y bella flor... || Todo aquí era perfecto. || ¡Se me hay exigido ser perfecta durante toda mi vida! || No es simétrico o perfecto, pero es único. || Lo que yo haría sin tener que ser la hermana perfecta. || Isabela no será tan perfecta como deseas. || No es perfecto.
deber	16	Mas debo decir que es un poco caprichosa Y ya hablé de más, mil gracias, pues me debo retirar. || ¿Tal vez debas dejar las decoraciones a otra persona sí? || jamás debemos dar por echo nuestro milagro, || Algo me inquieta y se empeora, yo debo salvar a todo el mundo. || quien debo ser? || Creo que debes saber esto. || ¡Espera! ¡Como busco una visión? ¡Cómo sé lo que debo buscar? || ¡No debo nunca hablar de Bruno! || Pero si debo detenerme sí, || Debes tener otra visión. || Debemos proteger a la familia, al encanto. O no tendremos hogar. || Solo debes darte cuenta || No, es que yo debía arruinar su propuesta. || que acabe olvidando para quién debía hacer ese milagro. || Debemos despertar.
hogar	15	tu abuelo Pedro y yo tuvimos que escapar de nuestro hogar. || con esperanza un nuevo hogar, || han hecho a nuestra nueva hogar, un paraíso. || Fortalecerás a la comunidad, y a nuestro hogar también. || En este hogar vive nuestra descendencia . || Hogar de mi gente, Madrigal. || y fortalecer a nuestro hogar? || No dejaré que se pierda otra vez a nuestro hogar. || Debemos proteger a la familia, al encanto. O no tendremos hogar. || ¡Mira nuestro hogar! ¡Mira a tu hermana! || - Tu eres la que derrumba nuestro hogar. - Nunca te atrevas... || Tú perdiste tu hogar. || Mira este hogar, aun guarda esperanza. || Nuevo hogar, tan lleno de esperanza.
mágico	15	La vela se convirtió en una llama mágica, que jamás se apagaría. || el milagro bendijo a cada uno, con un don mágico para ayudarnos. || ¿Cuándo veremos el don mágico? || En donde todos son fantásticos y mágicos. || Les sonará tal vez fantástica y mágica. || Un regalo mágico. || A la espera de algo mágico, sí, mágico. || Si es que en mí hay algo mágico, sí, mágico. || Lejos de aquel regalo mágico, y aquí estoy. || Milagroso y mágico. || ¿Habrá algo en mí que sea mágico? || nos va a dar otra generación de bendiciones mágicas.
decir	15	También les digo magia. || No es poca cosa — Siempre digo yo, sí, || Y cómo les decía, || Ya digan lo que sepan de Bruno Denme la pura verdad de Bruno. || No digamos nada. La abuela lo quiere una noche perfecta. || Decía que mi vida un verdadero era actuar. || ...y como ya dije ay comida sabrosa gratis. || Pero no sabía lo que dirían sabía lo que iban a pensar || Sí, te digo sí. También eso. || y te digo la cura para el mal humor un fuerte abrazo. || ¿Te digo cómo hacer mejor hermana? Pídeme perdón por hacerme daño, Mirabel. || Yo le dije: "¡Fuera!". Y ella digo... || No me importa lo que digan de mí pero si eres muy necia para... || ¿Qué? No la tenemos. ¿No quieres que diga la verdad?
venir	14	¿De aquí es de donde viene nuestra magia? || - ¡Ya vienen, son ellos! - ¿Cuáles son los dones? || Noche de fiesta, todos vienen a celebrar Y revelando milagros en cada piso. Y revelando milagros en cada piso. || ¡También pueden venir! || Solo vine por las últimas cosas de toñito, || Una vida de ensueños vendrá. || ¿Qué? ¿No vas a venir? || - Pero así estaré bien. - Hey, todo el mundo venga a ver. || Vienen milagros, vienen crisálidas. || Tumbando sus paredes, ahí viene nuestro milagro || El pueblo viene para acá.
hermana	14	Oiga, ¿cuál es la hermana y cuál es la prima? || Mis dos hermanas Isabela y Luisa. || Me pidieron que contara todo lo de mis hermanas Y primos y. || Hey, es el señor Mariano, y ¿Puede usted casarse con mi hermana?, || Un consejito entre hermanas. || Dáselo a tu hermana, pon en sus manos. || Dáselo a tu hermana, que nos demuestre, || Dáselo a tu hermana sin preguntarte || ¿Es tu hermana? ¡Es genial! || Abrazando a tu hermana. || pero estoy lista para hacer una mejor hermana contigo. || ¿Te digo cómo hacer mejor hermana? Pídeme perdón por hacerme daño, Mirabel. || Lo que yo haría sin tener que ser la hermana perfecta. || ¡Mira nuestro hogar! ¡Mira a tu hermana!
sentir	14	y siento que puedo contarte lo que sea || - Lo siento. - ¿A ti qué te pasa? || Luisa está bien. No me siento nerviosa. || Creo que mi esfuerzo es nulo si siento que no ayudo. || yo me sentí... Débil. || esta vez o sentir mal así que agarré a todos los burros || pero luego fui a dejarlos al establo y lo sentí tan.. || Perdón. Lo siento, no quise. || Lo siento, mi vida, hazlo tú. || Lo siento. Lo siento. || siento mucho. || Pero es que... Isabela no se sentía feliz. || Como que siento que algo pasó y me lo perdí.
vida	13	cobró vida para protegernos. || Esta noche, esta vela va darte tu don, mi vida. || Así es nuestra vida Madrigal. || Me tengo que ir, la vida de un Madrigal. || Mi vida, ¿estás bien? No te fuerces demasiado. || y será el mejor día de toda tu vida. || Lo siento, mi vida, hazlo tú. || Una vida de ensueños vendrá. || Decía que mi vida un verdadero era actuar. || - ¡Qué tu vida seas tan fantástical! - Fuera. || No pretendía arruinarte la vida. || ¡Se me hay exigido ser perfecta durante toda mi vida! || Creí que tendríamos una vida diferente.
dejar	13	No me van a dejar en paz, ¿verdad? || Mi mami Julieta tranquila te deja con solo una arepa. || ¿Dónde dejo el carro? || ¿Tal vez debas dejar las decoraciones a otra persona sí? || y dejar que el resto de la familia haga lo que hace mejor. || No dejaré que se pierda otra vez a nuestro hogar. || ¡Camilo! Deja de fingir que eres dolores solo para repetir. || Totalmente. Hoy yo no me dejé. || Tú deja en paz a Luisa hasta que yo hable con ella. || Deja a la abuela como a todos temblando. || "Bueno, te dejo de lo buena que..." || No. Es que dejen las visiones hace mucho. || Ven, deja que te ayude.
hablar	13	Mi amor, si quieres hablar de eso... || Yo no hablo así. || No lo sé, pero ya los adultos hablando. || Tú deja en paz a Luisa hasta que yo hable con ella. || Bruno con voz misteriosa habló. || No hay que hablar sobre Bruno. || ¡No debo nunca hablar de Bruno! || Quieren hablar con usted. || ¿Pero de qué estás hablando? || Entonces, ¿vamos a hablar sobre Bruno? || Te gusta hablar.
peso	13	Es peso que con gota a gota lo reventó. || Peso como un tip-tip-tip hasta que haces pop. || Y si cedo al peso con presión, presión que jamás soltó,. || Peso como un tick-tack-tick antes de una explosión. || el peso cruel, la expectativas, || Tan simple y bello en vez del peso. || Peso que con gota a gota lo reventó. || Sin peso con presión, presión que jamás soltó. || Es que el peso llegará a aplastarte. || ¡Sin presión! ¡Sin peso! || Eel peso del mundo no descansa sobre tus hombros. Se acabó.
vela	12	Esta vela contiene el milagro que recibió nuestra familia. || La vela se convirtió en una llama mágica, que jamás se apagaría. || Esta noche, esta vela va darte tu don, mi vida. || esta vela nos bendijo con un milagro. || y casi se apagó la vela. || La casa estaba en riesgo la, la vela estaba. || Es la vela. ¡La vela alumbra más! || - ¡Creo que vas a salvar la vela! - ¿Cómo? || Para que la vela brilla tienes que darle un abrazo. || Y la vela brillo más fuerte y las grietas... || ¡La vela!
estar	12	El don que te esté esperando... || Mi prima Dolores estando a lo lejos te puede oír. || ¿Pero qué estás haciendo? || Mi vida, ¿estás bien? No te fuerces demasiado. || Ok parcerito, ¿estás listo? || Estás cargando demasiado. ¡Beso! || Estaré bien. || Mientras esté en los Guzmán nunca te metiste a la torre de Bruno, || Isa, algo me dice que estás molesta. || - Pero así estaré bien. - Hey, todo el mundo venga a ver. || ¿Pero de qué estás hablando?
isabela	12	Mis dos hermanas Isabela y Luisa. || (Isabela) con sus flores van a enloquecer. || (Isabela) es la perfección de pie. || ¡Isabela! || o divinamente perfecta como la señorita perfecta Isabela || Hablé con los Guzmán de la propuesta de matrimonio de Mariano a Isabela. || Un joven tan guapo con nuestra perfecta Isabela... || ¡Isabela, tu amor llegó! || Isabela, la más divina de todos los Madrigal. || ¿Isabela? || Pero es que... Isabela no se sentía feliz. || Isabela no será tan perfecta como deseas.
hacer	12	Mi primo Camilo que no se detiene y te hará reír. || y dejar que el resto de la familia haga lo que hace mejor. || Lo hice para que cuando te cambies a tu increíble cuarto, || Y sé que le hará bien al encanto. || Suponía que no llegas a esa visión. Nadie lo haría. || Créeme es si pudiera ayudarte más, lo haría pero.. || ¿Además no sé qué fue lo que le hice? || ¡Yo jamás quise casarme con él, solo lo hacía por la familia! || Lo que yo haría sin tener que ser la hermana perfecta. || Lo que yo haría al comprender que quiero ser imperfecta. || ¡Y luego hicimos esto! || Lo haremos juntos con pasión.
encanto	11	Un encanto. || Que siempre me enamora tu encanto || Qué sigas bendiciendo tu encanto || Te sigue bendiciendo tu encanto || Y sé que le hará bien al encanto. || Los Guzmán y los Madrigal juntos le van a hacer un gran bien al encanto. || la familia, el encanto || Debemos proteger a la familia, al encanto. O no tendremos hogar. || - Intenté sujetarla. No podía. - El encanto se ha roto.
mundo	11	El mundo encantan con su brillo personal. || El pueblo vibra, el mundo gira. || Todo el mundo te está buscando. || Algo me inquieta y se empeora, yo debo salvar a todo el mundo. || Pues, bueno, la verdad es que, ya que todo el mundo aquí tiene un talento || porque soy bruno y todo el mundo piensa lo peor así que... || Eel peso del mundo no descansa sobre tus hombros. Se acabó. || - Pero así estaré bien. - Hey, todo el mundo venga a ver. || Y navegando un mundo que cambia y sigue cambiando. || Navegando un mundo que cambia y sigue cambiando. || Hacer lo necesario en un mundo que sigue cambiando
amor	11	Tiene razón, amor. || Mi amor, si quieres hablar de eso... || Mirabel, sé que quieres ayudar, amor. || Pepe, amor vas a dejarlo empapado. || Sané tu herida con mi amor por mi hija, || Él vio en mí un amor imposible pactado al fin. || ¡Isabela, tu amor llegó! || Su amor está prohibido. || Mi amor, me preocupaste. || Te--tengo un amor por ofrecer. || ¡Sí, amor!
cambiar	11	Camilo. Cambia esa cara. || Pero la visión era diferente, cambiaba. || Y navegando un mundo que cambia y sigue cambiando. || Navegando un mundo que cambia y sigue cambiando. || Buscar algún rincón, el tiempo sigue cambiando. || Inseparables son y el tiempo sigue cambiando. || Hacer lo necesario en un mundo que sigue cambiando || Y cambiar de dirección. || Los tiempos cambiaran.
antonio	10	Camilo muta, Antonio hoy recibe el don. || Y suerte para Antonio. || Pero no logro encontrar a antonio que más quieres saber. || ¡Antonio! || No Antonio. || yo nunca podría dañarle la noche Antonio. || Todos nos regocijamos por Antonio y su maravilloso don... || ¡Cuidado, Antonio! || - ¿Están todos bien? - Antonio, no llores, papito. || ¿Qué pasa con Antonio? ¿Qué va a hacer?
oír	10	Mi prima Dolores estando a lo lejos te puede oír. || Querían oír sobre la familia y... || pero sí hay una persona en esta familia que puede oír todo sobre lo que pasa aquí. || ¡Oye, Luisa, espera! || Al oír tu nombre, no hay marcha atrás. || Oye, Mariano va a llegar. || - Casi lo puedo oír - Hey, tú. || Cual si lo pudiera oír - De ti ni un sonido saldrá. || Yo no puedo oír. || Oye, después de salvar el milagro, visitame.
abrazo	10	Perdón, ¡un abrazo más y ya! || Algo, no. ¿Es un abrazo? || Un abrazo. ¡Es un abrazo! || Para que la vela brilla tienes que darle un abrazo. || Con un abrazo. || Así que démonos un...abrazo. || ¿Darte un abrazo? || y te digo la cura para el mal humor un fuerte abrazo. || Okey, dame un abrazo.
okey	10	Okey okey, vamos vamos vamos. || Okey. La comunidad cuenta con nosotros. || Okey. || Ella nunca me abraza, ¿Okey?. ¡Ella me odia! || Okey, dame un abrazo. || Okey, estoy informada, bye.
importar	10	Ey, no importa, pues todos somos Madrigal. || Ya no importa. || que va en aumento no importa, || No importa, ya tienes que irte porque... || No importa qué tanto intenté serlo. || No importa qué tanto lo intente cualquiera de nosotros. || A Bruno nunca le importó. || Tú eres la que no le importa. || No me importa lo que digan de mí pero si eres muy necia para... || Ya no importa, podremos nuestro camino hacer.
perder	9	Y perdimos a tu abuelo. || Mira, mi hermano bruno perdió en el camino en esta familia. || No dejaré que se pierda otra vez a nuestro hogar. || ¿Quién soy yo si pierdo con el balón? || ¿Qué si pierdo y fallo al soportar? || - ¡He perdido mi don! - ¿Qué? || La magia agoniza, la casa se derrumba en donde Luisa se pierde. || El don de Luisa no se pierde. || Como que siento que algo pasó y me lo perdí.
jamás	9	La vela se convirtió en una llama mágica, que jamás se apagaría. || dos extraños sin un don especial que jamás tendrían un, || jamás debemos dar por echo nuestro milagro, || Y si cedo al peso con presión, presión que jamás soltó,. || Sin peso con presión, presión que jamás soltó. || Nadie sabe. Jamás apareció. || Así que jamás te fuiste. || ¡Yo jamás quise casarme con él, solo lo hacía por la familia! || Jamás había sido capaz de volver aquí.
crecer	9	El milagro creció. || Cuando mis hijos crecieron, || Y cuando sus hijos crecieron... || ¿Qué lograría si creciera el sentimiento del momento? || - Y enredar. - Crece. || Siguen creciendo, no saben cuando. || Hay que crecer aparte y volver. || Hay que crecer aparte y volver || ¿Ya notaste cuanto creció?
especial	9	va a ser tan especial como tú. || ¿Tú no tienes un don especial? || Te traje el especial, por ser la única Madrigal que no tien un don. || Le llamo "Nuestra Especial no Especial", ya que no hubo un don para ti. || soy realmente especial igual que resto de mi familia. || dos extraños sin un don especial que jamás tendrían un, || Tienes un don tan especial como tú. || Eres igual de especial que cualquier otro en esta familia.
dolores	9	Dolores oye hasta una aguja. || Mi prima Dolores estando a lo lejos te puede oír. || Dolores, ¿oyes si alguien llega tarde? || Dolores, hola. || Luisa, Dolores está super ansiosa. || Dolores, ¿ya tienen fecha? || Dolores dijo que tenías un tic. Eso nunca te pasa. || ¿Sabes? Mi prima es como tú ¿Has visto a Dolores? || Dolores, te veo.
saber	9	Sabrán mucho más de un Madrigal. || Si en la familia supiera cuán vulnerables somos en realidad. || El barco no vira, aún sabiendo el riesgo rotundo. || y sabía que eso decepcionaría a todos. || Ya digan lo que sepan de Bruno Denme la pura verdad de Bruno. || Pero no sabía lo que dirían sabía lo que iban a pensar || ¿Quién sabrá si es inspiración? || Lo sabía, no se fue, a diario lo escuché.
perdón	9	Perdón. Disculpa. || Perdón. || Perdón, podrías. Te ves genial. || Perdón, ¡un abrazo más y ya! || Ay perdón, es que fui ... || Perdón. Lo siento, no quise. || Señora, perdón. || ¿Te digo cómo hacer mejor hermana? Pídeme perdón por hacerme daño, Mirabel. || ¡Espera! ¡Está bien! Pido perdón.
llegar	9	Dolores, ¿oyes si alguien llega tarde? || Los invitados ya van a llegar y ya. || Y revelando milagros en cada piso. Noche de fiesta, todos llegan para gozar || Abriendo puertas, va llegando la madrugada || Es que el peso llegará a aplastarte. || ¿Qué si me desplomo y no llego a ser || Oye, Mariano va a llegar. || ¡Oye Mariano va a llegar! || Suponía que no llegas a esa visión. Nadie lo haría.
salvar	9	Ayúdame a salvar nuestro milagro. || Yo voy a salvar nuestro milagro. || Algo me inquieta y se empeora, yo debo salvar a todo el mundo. || - ¡Creo que vas a salvar la vela! - ¿Cómo? || Oye, después de salvar el milagro, visitame. || Después de salvar el milagro, volverás a casa. || Lo lograrás. Solo tienes que salvar el milagro. || Vamos a salvar el milagro. La magia... || ¡Debo salvar al milagro!
toc	9	Toc, toc, toc. Toca madera.
momento	8	Pero, en nuestro momento más oscuro, || en el momento más oscuro, || Y vivir solo un momento || ¿Qué lograría si creciera el sentimiento del momento? || Irremediablemente, aquí, viviendo ahora en el momento. || El tiempo es momento. || Esperará su momento de brillar. || Y aprovecho el momento, por si quisieras pensar en mí.
casita	8	nuestra casita misma... || Sí, casita, ya es hora. || Casita, ayúdame. || Grietas en nuestra casita. || ¡Casita! || ¡Ayudame! Casita. || ¡Casita! ¡Ayúdame a subir! || Hola casita.
junto	8	Y juntos los dones de nuestra familia ... || Y juntos merecer el gran milagro. || ¡Todos juntos! || juntos brillar. || Los Guzmán y los Madrigal juntos le van a hacer un gran bien al encanto. || que no arreglemos juntos. || Lo haremos juntos con pasión. || Todos, juntos...
esperar	8	El don que te esté esperando... || Ni tendré otra noche esperando tener... || ¡Oye, Luisa, espera! || No espera. ¿A qué te refieres? || Le espera tiene que haber una explicación. || No esperaba este efecto. || Esperará su momento de brillar. || Espera aquí por ti.
pepa	8	Mi tía Pepa, su humor afecta el clima. || El tío Félix quiso a Pepa, y mi pa' quiso a Julieta . || - ¿Y Mirabel? - Comienza la abuela y luego tía Pepa, que el clima gobierna . || - ¡Pepa! ¡Tienes una nube! - Ya sé, mamá. || ¿Tía Pepa? Si Bru... || Pepa, la nube. || Pepa, calmate. || ¡Voy yo, muy bien! Pepa, lamento molestarte,
tío	8	Mi tío Bruno... || El tío Félix quiso a Pepa, y mi pa' quiso a Julieta . || Cuando tú tío Félix y yo nos unimos a esta familia, || Cuando aún estaba el tío Bruno, || ¿El tío Bruno? ¿y que había en su visión? || ¿Tío Bruno? || Tío, que no entiendo por qué te fuiste pero no te fuiste.
revelar	8	Y revelando milagros en cada piso. Noche de fiesta, todos llegan para gozar || Sigue bailando, contento en mi paraíso Y revelando milagros en cada piso. || ¡Ahí tienes! Sigue bailando, contento en mi paraíso Y revelando milagros en cada piso. || Y revelando milagros en cada piso. ¡Ahí tienes! Y revelando milagros en cada piso. || Noche de fiesta, todos vienen a celebrar Y revelando milagros en cada piso. Y revelando milagros en cada piso. || Y revelando milagros en cada piso.
piso	8	Y revelando milagros en cada piso. Noche de fiesta, todos llegan para gozar || Sigue bailando, contento en mi paraíso Y revelando milagros en cada piso. || ¡Ahí tienes! Sigue bailando, contento en mi paraíso Y revelando milagros en cada piso. || Y revelando milagros en cada piso. ¡Ahí tienes! Y revelando milagros en cada piso. || Noche de fiesta, todos vienen a celebrar Y revelando milagros en cada piso. Y revelando milagros en cada piso. || Y revelando milagros en cada piso.
mirar	8	Y unos ojos que al ver quieran mirar. ¡Ábrelos ya! || Lograrán mirar quien puedo ser yo. || Mira, mi hermano bruno perdió en el camino en esta familia. || Mira, aunque quisiera hacerlo y no quiero, destruiste mi cueva divisiones. || Mira todo esto. || ¡Mira nuestro hogar! ¡Mira a tu hermana! || Mira este hogar, aun guarda esperanza.
fuerte	8	La magia está fuerte. || y tal vez yo no sea súper fuerte como luisa || Siempre fuerte, imparable. || Como lo resiste, se agarra fuerte. || ¡La magia sigue fuerte! ¡Todo aquí está bien! || y te digo la cura para el mal humor un fuerte abrazo. || Y la vela brillo más fuerte y las grietas... || Luisa nunca será tan fuerte como deseas.
ir	8	Solo se me salió solo iba a decir que... || Entonces más vale que lo entendieras porque iba a pasarte muy pronto. || Así que jamás te fuiste. || Tío, que no entiendo por qué te fuiste pero no te fuiste. || Pero no sabía lo que dirían sabía lo que iban a pensar || ¿Tú. Te fuiste para protegerme? || ¿Qué? ¿No vas a venir?
volver	8	y la llovizna se vuelven lluvia. || ¿Te has vuelto loca? || No te muevas. Vuelvo en un minuto. || Jamás había sido capaz de volver aquí. || Hay que crecer aparte y volver. || Hay que crecer aparte y volver || Para que no volviera a pasar nunca. || ¡Ha vuelto!
haber	8	si el hubiera tenido una visión sobre una persona, ¿qué significa..? || ¿Lo qué has histe? || Suerte. Ojalá hubiera visto más. || Mamá, siempre has sido muy dura con Mirabel. || - Si hubiera algo más... - ¡Ahí! || ¿Te has vuelto loca? || y lo único que tú has hecho por mí es empeorar todo. || Y tú me has dado dirección.
abrir	7	Abre los ojos. || Dale abre los. || Hemos jurado abrir los brazos . || Abriendo puertas, va llegando la madrugada || Y el cerrojo no abrió. || Hoy tus ojos se abren Al fin de este sueño podrás despertar.
recibir	7	Esta vela contiene el milagro que recibió nuestra familia. || Camilo muta, Antonio hoy recibe el don. || y estar contigo al recibir tu don y tu puerta... || para que uno más reciba esta luz... || y pronto encontraremos cómo aprovechar la bendición que recibiste. || No sé por qué tú no recibiste un don, || Este río. Aquí es donde recibimos el milagro.
contar	7	Bueno, "nosotros", no les contaré sobre mí nada más. Yo formo parte de los sorprende Madrigal. || Me pidieron que contara todo lo de mis hermanas Y primos y. || - Sola cuéntame qué pasa. - No hay nada que contar. || ¿Tú cuentas la historia o lo hago yo? || - Trueno. - ¿Tú cuentas la historia o lo hago yo? || Les contaré a todos. || Las ratas ya me contaron todo. No quieto.
ayúdame	7	Casita, ayúdame. || Si la respuesta está aquí, ayúdame a encontrarla. || Ayúdame a proteger a la familia. || Ayúdame a salvar nuestro milagro. || ¡Ayúdame! || ¡Casita! ¡Ayúdame a subir!
tiempo	7	Si está indispuesta, pues, los tiempos raros son. || ¿Saben qué? Yo creo que es tiempo de otra ronda. || Algo me dice que se nos acaba el tiempo. || El tiempo es momento. || Buscar algún rincón, el tiempo sigue cambiando. || Inseparables son y el tiempo sigue cambiando. || Los tiempos cambiaran.
persona	7	¡Es que son muchas personas! || ¿Tal vez debas dejar las decoraciones a otra persona sí? || pero sí hay una persona en esta familia que puede oír todo sobre lo que pasa aquí. || si el hubiera tenido una visión sobre una persona, ¿qué significa..? || muchas personas empiezan a ponerse ansiosas por la magia. || a las personas raras de la familia y a veces les hacen mala fama. || una persona que no puedo ser.
okay	7	Okay, okay, okay, okay. || Okay, papi. || ¿Okay? || Mamá, hablé con Mirabel, okay.
mariano	7	Hey, es el señor Mariano, y ¿Puede usted casarse con mi hermana?, || Hablé con los Guzmán de la propuesta de matrimonio de Mariano a Isabela. || Oye, Mariano va a llegar. || ¡Oye Mariano va a llegar! || mi Mariano quiere empezar con una canción. || ¡Mariano tiene la nariz aplastada como una papaya! || Hey, Mariano, ¿qué traes tú?
necesitar	7	Camilo, ¡necesito otro José! || Te necesito. || Necesito encontrar || Y es un problema, porque necesitamos un espacio abierto. || La familia nos necesita a bruno y tú tienes que salir de aquí. || Eres justo lo que familia necesita.
ayudar	7	En realidad Isa, estoy ayudando. Está bien? || Mirabel, sé que quieres ayudar, amor. || Por favor, que alguien me ayude a entender. || ¿Que tú y no puedes ayudar? || ¿Pero por qué abrazar a isabella ayudaría en algo? || Ven, deja que te ayude. || Sólo quería ayudar.
entender	7	- ¡Ovejas! - Y lo entiendo. || Sí, te entiendo. || Por favor, que alguien me ayude a entender. || ¿Solo no entendían lo que veía? || Es que no lo entiendo. || Tío, que no entiendo por qué te fuiste pero no te fuiste. || Abuela. Ya puedo entender.
feliz	7	eso me pondrá mucho más feliz que nunca. || Fue un día feliz, pero es verdad. || La abuela estaba feliz. La familia estaba feliz. || Pero es que... Isabela no se sentía feliz. || Claro que no está feliz. Arruinaste su propuesta. || Estoy tan feliz de verte bien.
abrazar	7	tengas algo que a abrazar al dormir. || ¿Peleando o abrazando? || ¿Abrazar a quién? || ¿Pero por qué abrazar a isabella ayudaría en algo? || Abrazando a tu hermana. || Ella nunca me abraza, ¿Okey?. ¡Ella me odia! || Mientras se abrazan con sentimiento.
boda	7	- Justo en mi boda fue En nuestra boda fue. || Boda en un huracán. || Justo en mi boda fue En nuestra boda fue || y en tu boda preocuparte.
pensar	7	Pero no sabía lo que dirían sabía lo que iban a pensar || porque soy bruno y todo el mundo piensa lo peor así que... || pienso que... || Piensa en la familia. || Estaba pensando en mi hija. || Si veo algo que no te guste vas a pensar: || Y aprovecho el momento, por si quisieras pensar en mí.
ojo	6	Abre los ojos. || Y unos ojos que al ver quieran mirar. ¡Ábrelos ya! || Ábre mis ojos. || y luisa oía ese tic de su ojo toda la noche. || Hoy tus ojos se abren Al fin de este sueño podrás despertar.
vivir	6	Y nos bendijo con un refugio donde podríamos vivir. || En este hogar vive nuestra descendencia . || Tal vez tu don es vivir en negación. || Y vivir solo un momento || ¿Has vivido aquí reparando las grietas? || Irremediablemente, aquí, viviendo ahora en el momento.
hora	6	Sí, casita, ya es hora. || ¡Una hora! || La abuela dice ya es la hora. || Vamos, es hora de ir a tu puerta. || ¡Hora de la foto! || ¡Hora de comer!
cosa	6	No es poca cosa — Siempre digo yo, sí, || Ay te amo cosa linda. || Nada. Tengo cosas que hacer así que tal vez quieras irte a casa. || Solo vine por las últimas cosas de toñito, || "Bruno provoca cosas malas y qué miedo y su visión seguro mató a mi pez". || Yo no creo que provoque esas cosas malas.
ay	6	- ¡Ay, así es físicamente imposible relajarse! - ¡Cuéntanos todo! || Ay te amo cosa linda. || Ay perdón, es que fui ... || ...y como ya dije ay comida sabrosa gratis. || Ay oruguitas, no se aguanten más.
futuro	6	Podía ver el futuro, él desapareció . || me suplicó ver hacia el futuro buscar la razón. || Tu futuro no estaba decidido. || No puedes apresurar el futuro. || Hay que partir y construir su propio futuro.
hey	6	¡hey, ahí voy! || Hey, es el señor Mariano, y ¿Puede usted casarse con mi hermana?, || ¡Hey! || - Casi lo puedo oír - Hey, tú. || - Pero así estaré bien. - Hey, todo el mundo venga a ver. || Hey, Mariano, ¿qué traes tú?
gracias	6	Mas debo decir que es un poco caprichosa Y ya hablé de más, mil gracias, pues me debo retirar. || Gracias. || - Gracias. - No es nada. || Nos salvamos gracias a ti. || Se nos concedió un milagro gracias a ti. || Somos una familia y todo gracias a ti.
listo	6	Y nada está listo. || Ok parcerito, ¿estás listo? || Mirabel, olvídalo. Tenemos que estar listos para los Guzmán. || Todo estaba listo, con un clima precioso esa vez. || - Todo estaba listo, con un clima precioso esa vez. - Ninguna nube esa vez. || pero estoy lista para hacer una mejor hermana contigo.
isa	6	En realidad Isa, estoy ayudando. Está bien? || ¿Isa? ¡Hola! || Isa, algo me dice que estás molesta. || Isa... || ¿Isa? || ¿Isa? Esta es la parte en que...
mamá	6	Lo sé, mamá. || - ¡Pepa! ¡Tienes una nube! - Ya sé, mamá. || Mamá, hablé con Mirabel, okay. || ¡Mamá! || Mamá, siempre has sido muy dura con Mirabel. || Salió a su mamá.
cuarto	6	- Pónganse aquí. - ¡Limpien los cuartos! || te quedarías aquí en este cuarto conmigo. || Pero sí, te extrañaré mucho tener al mejor compañero de cuarto. || Lo hice para que cuando te cambies a tu increíble cuarto, || Bruno, ¡tú cuarto es el peor! || Use en mi cuarto.
buscar	6	Todo el mundo te está buscando. || Busca esa visión. || ¡Espera! ¡Como busco una visión? ¡Cómo sé lo que debo buscar? || me suplicó ver hacia el futuro buscar la razón. || Buscar algún rincón, el tiempo sigue cambiando.
puerta	6	Recibirás tu don y abrirás la puerta || Ojalá tuvieras una puerta. || y estar contigo al recibir tu don y tu puerta... || Abriendo puertas, va llegando la madrugada || Te esperaremos en tu puerta. || Vamos, es hora de ir a tu puerta.
vas	6	Pepe, amor vas a dejarlo empapado. || si vas a servir a la comunidad || pero tal vez se pasó algo y tal vez yo de vas a verlo. || El permiso. Vas a hacer que se me caiga un burro. || Si veo algo que no te guste vas a pensar: || No vas a ser bella, hoy descubriré quien soy.
daño	6	No me hace daño, seguiré. || ¿Qué está daño por la magia? || ¿Te digo cómo hacer mejor hermana? Pídeme perdón por hacerme daño, Mirabel. || Mirabel, ¿te hiciste daño? || No quería hacernos daño. || Nunca le hiciste daño a la familia, Mirabell.
huracán	6	No controlo el vendaval ni a un huracán. || Boda en un huracán. || Agradece que no es un huracán. || Un huracán de jacarandas.
espera	6	A la espera de algo mágico, sí, mágico. || ¡Espera! ¡Como busco una visión? ¡Cómo sé lo que debo buscar? || Espera. || Espera, ya casi... || ¡Espera! ¡Está bien! Pido perdón. || Espera. Ven aquí, ven aquí.
grieta	6	Las tejas se caían y grietas en todas partes, || Yo no vi las grietas. || Anoche, cuando viste las grietas, || ¿Has vivido aquí reparando las grietas? || Y la vela brillo más fuerte y las grietas... || Las grietas iniciaron contigo.
intentar	6	Toca a intentar. || ¿Quieres tu intentar? || - Podrías intentar. - Pero no. || No importa qué tanto intenté serlo. || No importa qué tanto lo intente cualquiera de nosotros. || - Intenté sujetarla. No podía. - El encanto se ha roto.
profundo	6	En lo profundo comienzo el truco en la cuerda floja que me marca el rumbo. || En lo profundo. Alguna vez: || En lo profundo, || En lo profundo. || En lo profundo La imagen que yo infundo
culpa	6	Y creo que es por culpa mia. || Bruno se fue por culpa tuya. || ¡Por culpa tuya! || El milagro agoniza por culpa tuya. || por culpa mía. || ¡Fue mi culpa!
inspiración	6	¿Quién sabrá si es inspiración? || - Ven aquí, ven aquí. - ¿Será inspiración? || ¿Será inspiración? || - ¿Será inspiración? - Tu nueva creación.
abuelo	5	tu abuelo Pedro y yo tuvimos que escapar de nuestro hogar. || Y perdimos a tu abuelo. || ¡Buenos días, abuelo! || ¿Dónde el abuelo Pedro...? || Has sufrido tanto abuela.
bendecir	5	Y nos bendijo con un refugio donde podríamos vivir. || el milagro bendijo a cada uno, con un don mágico para ayudarnos. || Qué sigas bendiciendo tu encanto || Te sigue bendiciendo tu encanto || esta vela nos bendijo con un milagro.
asombroso	5	Tu eres asombrosa, Mirabel Madrigal. || - Familia asombrosa. - Mirabel. || Porque tengo una asombrosa familia || y una asombrosa casa. || Y un asombroso tú.
favor	5	¡Tranquilos, por favor! || Por favor, que alguien me ayude a entender. || La crema, ¿por favor? || Luisa, ¿quiere extraer el piano por favor? || Señora, ¡por favor!
tía	5	Mi tía Pepa, su humor afecta el clima. || ¡Tía! Qué haces. || ¿Tía Pepa? Si Bru... || Sí, porque ya su tía tiene amnesia, || así que no sabe que realmente su tía,
julieta	5	Ella es mi ma' Julieta, y sin dudar. || El tío Félix quiso a Pepa, y mi pa' quiso a Julieta . || Mi mami Julieta tranquila te deja con solo una arepa. || Julieta, ¡ven rapido! || ¡Julieta!
amar	5	Dos tipos que amaban a los Madrigal. || Ay te amo cosa linda. || pero amo a mi familia, en serio. || Él ama esta familia. || Yo amo a esta familia. Todos amamos a la familia.
camilo	5	Camilo muta, Antonio hoy recibe el don. || Mi primo Camilo que no se detiene y te hará reír. || Camilo, ¡necesito otro José! || ¡Camilo! Deja de fingir que eres dolores solo para repetir. || Camilo. Cambia esa cara.
flor	5	(Isabela) con sus flores van a enloquecer. || ¡Está llevándose las flores! || ¿Acaso alguien dijo flores? || La más perfecta y bella flor... || Flor de Mayo, por el patio.
alguien	5	Dolores, ¿oyes si alguien llega tarde? || ¿Acaso alguien dijo flores? || Por favor, que alguien me ayude a entender. || Así que si alguien sabe qué le pasa. || Hay alguien más contigo.
alto	5	Levántalo más alto. Más alto. || ¡Alto! || Fue porque las montañas que rodean el encantan son super altas y...
razón	5	Tiene razón, amor. || Es el lugar está prohibido por una razón. || No tengo una buena razón, pero de tenerla me dirías: || me suplicó ver hacia el futuro buscar la razón. || Mirabel estaba en la visión por una razón.
depender	5	Todo el pueblo depende de nuestra familia, de nuestros dones. || Al final, todo dependerá de ti. || Todo dependerá de mí, así que quiero, que tengas otra visión. || El destino de la familia no no depende de ella. || Depende de ti.
encontrar	5	Pero no logro encontrar a antonio que más quieres saber. || Necesito encontrar || ¿Todavía no la encuentran? || ¡Es ella! ¡La encontró! || ¡Yo la encontró!
estás	5	¿Estás nervioso? || Ja, ja, ja. Ahí estás. || Mírate. Estás tan grande. || Estás muy sudada. || Estás viendo lo mismo que yo.
seguir	5	Siguen abiertas y el café se cuela en la casa || No me hace daño, seguiré. || Nadie a mí alrededor sigo añorando. || Llenas de hambre, siguen andando. || Siguen creciendo, no saben cuando.
guzmán	5	Hablé con los Guzmán de la propuesta de matrimonio de Mariano a Isabela. || Mirabel. Ah, tengo que recoger a los Guzmán para compromiso de Isabella. || Mirabel, olvídalo. Tenemos que estar listos para los Guzmán. || Mientras esté en los Guzmán nunca te metiste a la torre de Bruno, || Los Guzmán y los Madrigal juntos le van a hacer un gran bien al encanto.
propuesta	5	Hablé con los Guzmán de la propuesta de matrimonio de Mariano a Isabela. || Por tu propuesta que deberías hacer. || Y claro no sé si supiste yo le dañe su propuesta. || Claro que no está feliz. Arruinaste su propuesta. || No, es que yo debía arruinar su propuesta.
dañar	5	Luisa, si sabes qué daña la magia || ¿Qué está dañando a la magia? || si voy a dañar a mi familia, || Y claro no sé si supiste yo le dañe su propuesta. || pero no es una excusa para que sigas dañando a esta familia.
presión	5	Y si cedo al peso con presión, presión que jamás soltó,. || Sin peso con presión, presión que jamás soltó. || ¡Sin presión! ¡Sin peso!
sol	5	Soleado y que el sol salga. || Una magnífica rocío del sol || hasta el cielo y alcanza ​al Sol. || Yo querré Sol y un fertilizante. || al Sol.
oruguita	5	Dos oruguitas, enamoradas. || Dos oruguitas, paran el viento. || Ay oruguitas, no se aguanten más. || Dos oruguitas, desorientadas.
pedro	4	tu abuelo Pedro y yo tuvimos que escapar de nuestro hogar. || Pedro. || ¿Dónde el abuelo Pedro...? || Le pedí a mi y Pedro su ayuda.
peligro	4	no pudimos escapar de peligro. || ¡La casa está peligro! ¡La casa está peligro! || y vi la magia en peligro.
comunidad	4	Fortalecerás a la comunidad, y a nuestro hogar también. || ha sido usar nuestros dones para servir a esta preciosa comunidad. || si vas a servir a la comunidad || Okey. La comunidad cuenta con nosotros.
orgullo	4	Trairás orgullo a tu familia || Traer orgullo a mi familia. || Traer orgullo a tu familia. || y nos llene de orgullo.
traer	4	Traer orgullo a mi familia. || Traer orgullo a tu familia. || Nos trajo aquí y a todos nos cuidó. || Hey, Mariano, ¿qué traes tú?
ceremonia	4	La ceremonia de mi primo será hoy. || La última ceremonia de don fue un fracaso. || Es la primera ceremonia desde la tuya. Están nerviosos. || Si la ceremonia del don, sale bien esta vez,
clima	4	Mi tía Pepa, su humor afecta el clima. || - ¿Y Mirabel? - Comienza la abuela y luego tía Pepa, que el clima gobierna . || Todo estaba listo, con un clima precioso esa vez. || - Todo estaba listo, con un clima precioso esa vez. - Ninguna nube esa vez.
brazo	4	Hemos jurado abrir los brazos . || ¿Sabes qué? A mis brazos. || Abrazos gratis, a mis brazos. || De mis brazos, brotan rosas.
prima	4	Oiga, ¿cuál es la hermana y cuál es la prima? || Mi prima Dolores estando a lo lejos te puede oír. || De mis primas mayores tú eres mi favorita, || ¿Sabes? Mi prima es como tú ¿Has visto a Dolores?
comenzar	4	- ¿Y Mirabel? - Comienza la abuela y luego tía Pepa, que el clima gobierna . || comienza a tronar Se va a desmoronar, || comienza a derrumbarse. || Comienza a elevarme
pedir	4	Me pidieron que contara todo lo de mis hermanas Y primos y. || Bendiciones te pido, aunque no tenga un don. || ¡Espera! ¡Está bien! Pido perdón. || Le pedí a mi y Pedro su ayuda.
hablé	4	Mas debo decir que es un poco caprichosa Y ya hablé de más, mil gracias, pues me debo retirar. || Mamá, hablé con Mirabel, okay. || Hablé con los Guzmán de la propuesta de matrimonio de Mariano a Isabela. || ¿Por qué hablé sobre Bruno?
único	4	Te traje el especial, por ser la única Madrigal que no tien un don. || La única preocupada por la magia eres tú. || y lo único que tú has hecho por mí es empeorar todo. || No es simétrico o perfecto, pero es único.
resto	4	soy realmente especial igual que resto de mi familia. || Solo quiero hacer mi parte como el resto de la familia. || y dejar que el resto de la familia haga lo que hace mejor. || que impongan y el resto ignore el
lograr	4	Pero no logro encontrar a antonio que más quieres saber. || Nunca dudé que lo lograría. || Lograrán mirar quien puedo ser yo. || ¿Qué lograría si creciera el sentimiento del momento?
preocupar	4	Tú no te preocupes por mí. || Como el problema con la magia de anoche que no le preocupa a nadie más || Es muy obvio que algo te preocupa. || A la abuela le preocupó la magia así que
colombia	4	Colombia, te quiero tanto
despertar	4	No me despierten, que esto parece un sueño real || Grita mientras tiembles al despertar. || Hoy tus ojos se abren Al fin de este sueño podrás despertar. || Debemos despertar.
sueño	4	No me despierten, que esto parece un sueño real || y su hermoso cabello de un sueño pero... || Hoy tus ojos se abren Al fin de este sueño podrás despertar. || Con sueños nuevos, ya solo falta
respuesta	4	Fui paciente y no obtuve respuesta. || Si la respuesta está aquí, ayúdame a encontrarla. || Y no había una sola respuesta. Un destino claro. || No. Tengo que ver lo que sucederá. Tiene que haber una respuesta.
caer	4	Las tejas se caían y grietas en todas partes, || El permiso. Vas a hacer que se me caiga un burro. || se cae en un segundo. Levanto el dominó. || ¡Mirabel! ¡La casa se va a caer!
bello	4	- ¡Bello corazón, lindas gafas! || Tan simple y bello en vez del peso. || La más perfecta y bella flor... || No vas a ser bella, hoy descubriré quien soy.
hola	4	Dolores, hola. || Hola. || ¿Isa? ¡Hola! || Hola casita.
problema	4	Como el problema con la magia de anoche que no le preocupa a nadie más || Esta noche no podemos tener más problemas. || Y es un problema, porque necesitamos un espacio abierto. || Algunos tenemos problemas peores,
burro	4	- Luisa, los burros otras veces salieron. - Ya voy. || El permiso. Vas a hacer que se me caiga un burro. || - ¡Luisa! ¡Los burros! - ¡Ya voy! || esta vez o sentir mal así que agarré a todos los burros
gota	4	Es peso que con gota a gota lo reventó. || Peso que con gota a gota lo reventó.
torre	4	Pero si algo le pasa a la magia, empieza en la torre de Bruno. || Me metí en la torre de  Bruno. || Mientras esté en los Guzmán nunca te metiste a la torre de Bruno, || Sí, sí, desde mi torre que estaba llena de escaleras y..
escalera	4	Muchas escaleras. || Hay muchas escaleras en la Casa Madrigal. || ¡Quantas escaleras que hay aquí! || Sí, sí, desde mi torre que estaba llena de escaleras y..
subir	4	Podría haber otra forma de subir con nuestra magia, pero no. || Por subir (¡sí!) Y enredar! || - Por subir (¡sí!) || ¡Casita! ¡Ayúdame a subir!
isabella	4	Mirabel. Ah, tengo que recoger a los Guzmán para compromiso de Isabella. || ¿Pero por qué abrazar a isabella ayudaría en algo? || - ¡Tenía que ser Isabella! - ¿Mirabel? || Luisa se queda sin poderes. Isabella está fuera de control.
justo	4	- Justo en mi boda fue En nuestra boda fue. || Él dijo: ¡Serás panzón! — y justo así fue. || Justo en mi boda fue En nuestra boda fue || Eres justo lo que familia necesita.
destino	4	Él vio en mí un destino gentil. || Y no había una sola respuesta. Un destino claro. || el destino del milagro en si... || El destino de la familia no no depende de ella.
derrumbar	4	La magia agoniza, la casa se derrumba en donde Luisa se pierde. || la magia no está agonizando, no se derrumba la casa. || - Tu eres la que derrumba nuestro hogar. - Nunca te atrevas... || Y no hay nada que se pueda derrumbar...
lleno	4	Sí, sí, desde mi torre que estaba llena de escaleras y.. || Palma de cera llena el aire Y va escalando en expansión. || Nuevo hogar, tan lleno de esperanza.
gustar	4	Dime qué te gusta. ¿Te gustan los deportes? || Si veo algo que no te guste vas a pensar: || Te gusta hablar.
ven	4	Ven aquí. || Espera. Ven aquí, ven aquí. || - Ven aquí, ven aquí. - ¿Será inspiración? || Ven, deja que te ayude.
año	3	Hace años, || Y cada año hay más bendición. || Hace cincuenta años,
esperanza	3	con esperanza un nuevo hogar, || Mira este hogar, aun guarda esperanza. || Nuevo hogar, tan lleno de esperanza.
suceder	3	sucedió un milagro. || ¿Qué le sucede? ¿Qué escondes ? || No. Tengo que ver lo que sucederá. Tiene que haber una respuesta.
paraíso	3	han hecho a nuestra nueva hogar, un paraíso. || Sigue bailando, contento en mi paraíso Y revelando milagros en cada piso. || ¡Ahí tienes! Sigue bailando, contento en mi paraíso Y revelando milagros en cada piso.
fiesta	3	Hay fiesta y música con ritmazo sin igual. || Y revelando milagros en cada piso. Noche de fiesta, todos llegan para gozar || Noche de fiesta, todos vienen a celebrar Y revelando milagros en cada piso. Y revelando milagros en cada piso.
encantar	3	El mundo encantan con su brillo personal. || Fue porque las montañas que rodean el encantan son super altas y... || Les encanta la comida gratis, ¿verdad?
brillo	3	El mundo encantan con su brillo personal. || Para que la vela brilla tienes que darle un abrazo. || Y la vela brillo más fuerte y las grietas...
bendición	3	Y cada año hay más bendición. || y pronto encontraremos cómo aprovechar la bendición que recibiste. || nos va a dar otra generación de bendiciones mágicas.
gente	3	Hogar de mi gente, Madrigal. || rodeados por gente excepcional nos sentíamos tan...
fantástico	3	En donde todos son fantásticos y mágicos. || Les sonará tal vez fantástica y mágica.
imposible	3	- ¡Ay, así es físicamente imposible relajarse! - ¡Cuéntanos todo! || Bueno, en ese imposible caso tú, || Él vio en mí un amor imposible pactado al fin.
comida	3	Con su comida, cura todo mal. || ...y como ya dije ay comida sabrosa gratis. || Les encanta la comida gratis, ¿verdad?
félix	3	El tío Félix quiso a Pepa, y mi pa' quiso a Julieta . || Cuando tú tío Félix y yo nos unimos a esta familia, || - ¡Era una pesadilla! - ¡Félix!
pueblo	3	El pueblo vibra, el mundo gira. || Todo el pueblo depende de nuestra familia, de nuestros dones. || El pueblo viene para acá.
oir	3	Dolores oye hasta una aguja. || y luisa oía ese tic de su ojo toda la noche. || Luisa, oye. ¿Qué?
perfección	3	Una con fuerza, la otra es perfección . || (Isabela) es la perfección de pie. || Pero esta noche, debe salir a la perfección.
tranquila	3	Mi mami Julieta tranquila te deja con solo una arepa. || Tranquila, mami. A ver inhala, y exhala. || ¿Abuela? Tranquila.
lindo	3	- ¿Y Mirabel? - Mi padre Agustín, pues, le pasa de todo, mas lindo es. || - ¡Bello corazón, lindas gafas! || Ay te amo cosa linda.
increíble	3	<¡Iba a contarnos cuál es su increíble don!> || Lo hice para que cuando te cambies a tu increíble cuarto, || Ha sido increíble.
funcionar	3	Y esa fue la tuya y no funcionó. || ¿Y qué pasa si no funciona? || Esto no funcionará.
poner	3	Si yo fuera tú, eso me pondría triste. || eso me pondrá mucho más feliz que nunca. || Dime qué te puso nerviosa.
cuidado	3	¡Voy! Cuidado, hermanita. || Ten mucho cuidado. || ¡Cuidado, Antonio!
demostrar	3	¡No tienes nada que demostrar! || Les demostraré valor. || Dáselo a tu hermana, que nos demuestre,
difícil	3	Esta noche será difícil para ella. || será una noche difícil para todos. || Lo que creo es que hoy fue un día difícil para...
ojalá	3	Ojalá tuvieras una puerta. || Ojalá pudieras verte, como yo lo hago. || Suerte. Ojalá hubiera visto más.
dormir	3	tengas algo que a abrazar al dormir. || Voy a dormir un poco. || De noche, antes de dormir, tus poesías sueles escribir.
bailar	3	Sigue bailando, contento en mi paraíso Y revelando milagros en cada piso. || ¡Ahí tienes! Sigue bailando, contento en mi paraíso Y revelando milagros en cada piso. || ¡Miraboo! Lista para bailar, siento...
ja	3	Ja, ja, ja. Ahí estás.
orgulloso	3	Qué orgulloso está tu papá, mi niña. || Quería ver a mi familia, orgullosa de mí. || proteges a tu madre y orgullosa está.
papá	3	Qué orgulloso está tu papá, mi niña. || ¿Papá? || Papá, ¿la crema?
servir	3	ha sido usar nuestros dones para servir a esta preciosa comunidad. || si vas a servir a la comunidad || Mi don no le servía a la familia,
precioso	3	ha sido usar nuestros dones para servir a esta preciosa comunidad. || Todo estaba listo, con un clima precioso esa vez. || - Todo estaba listo, con un clima precioso esa vez. - Ninguna nube esa vez.
quieres	3	¿Quieres ir adónde? || ¿Quieres tu intentar? || ¿Quieres casarte...?
rápido	3	¡Todos vengan! ¡Rápido, rápido, rápido!
brillar	3	Desde aquí los contemplo al brillar. || juntos brillar. || Esperará su momento de brillar.
monte	3	Yo no muevo montes, || Y moveré los montes. || Muevo montes, muevo valles.
palma	3	No hago palmas florecer. || Palma de cera llena el aire Y va escalando en expansión.
dar	3	Yo no doy remedios. || Primero, les daré un aviso. || ¡Yo le di una visión!
abrelos	3	¡Abrelos ya! ¡Abrelos ya! || Abrelos ya.
parte	3	Las tejas se caían y grietas en todas partes, || Más bien todas partes. || Había abejas en todas partes.
malo	3	No hay nada malo con la casa madrigal. || ¿Por qué pasaría algo malo? || Eres una mala influencia.
serio	3	¿En serio es lo que crees? || pero amo a mi familia, en serio. || eso es bastante serio hermanita.
camino	3	Mira, mi hermano bruno perdió en el camino en esta familia. || Con claridad ya veo el camino || Ya no importa, podremos nuestro camino hacer.
oye	3	¡Oye! || ¡Oye Mariano va a llegar!
anoche	3	Como el problema con la magia de anoche que no le preocupa a nadie más || ¿Será que sabes algo sobre lo que pasó anoche con la magia? || Anoche, cuando viste las grietas,
rata	3	Y las ratas que hablan entre los muros. || Terror en su faz, ratas por detrás. || Las ratas ya me contaron todo. No quieto.
tic	3	y luisa oía ese tic de su ojo toda la noche. || Dolores dijo que tenías un tic. Eso nunca te pasa. || Tienes otra vez el tic...
ayudo	3	- Si no puedes poner atención yo, te ayudo. - Yo... || - Yo ayudo a Luisa. - Para. || Creo que mi esfuerzo es nulo si siento que no ayudo.
duro	3	así que hoy trabajaremos el doble de duro. || Mi coraza es del hierro más duro. || Mamá, siempre has sido muy dura con Mirabel.
nerviosa	3	Dime qué te puso nerviosa. || Luisa está bien. No me siento nerviosa. || Sudabas nerviosa y solo quería ayudarte.
empeorar	3	y luego empeora porque no quieres decirme qué pasa... || Algo me inquieta y se empeora, yo debo salvar a todo el mundo. || y lo único que tú has hecho por mí es empeorar todo.
dáselo	3	Dáselo a tu hermana, pon en sus manos. || Dáselo a tu hermana, que nos demuestre, || Dáselo a tu hermana sin preguntarte
cargar	3	Ve también si carga nuestros sufrimientos. || Estás cargando demasiado. ¡Beso! || así que traté de no cargar tanto pero eso me retraso en mis tareas
empezar	3	Pero si algo le pasa a la magia, empieza en la torre de Bruno. || mi Mariano quiere empezar con una canción. || muchas personas empiezan a ponerse ansiosas por la magia.
ten	3	Ten mucho cuidado. || Abuela, ten la sombrilla. || -Sabrás que lo tomé muy mal - Abuela, ten la sombrilla.
prohibido	3	Es el lugar está prohibido por una razón. || Su amor está prohibido. || por eso su relación está prohibida.
shu	3	¡shu, shu, shu!
provocar	3	Que bien. Ahora provoqué rayos y los rayos causan llovizna || "Bruno provoca cosas malas y qué miedo y su visión seguro mató a mi pez". || Yo no creo que provoque esas cosas malas.
llover	3	Veo que pronto lloverá. || - Bruno dice que parece que va a llover. - ¿Por qué se lo dijo? || Para ti, los demás, al llover, al nevar,
miedo	3	Miedo al ver a Bruno balbuceando y tropezando. || "Bruno provoca cosas malas y qué miedo y su visión seguro mató a mi pez". || Y tenía tanto miedo de perderla,
cielo	3	Cielos despejados. || hasta el cielo y alcanza ​al Sol. || Al cielo alcanzando
familiar	3	De hecho, es tradición familiar cantar después. || Lo no sé. La familia tuvo un milagro que salva el milagro familiar. || Eres justo lo que familia necesita.
tocar	3	Toc, toc, toc. Toca madera.
madera	3	Toc, toc, toc. Toca madera.
has	3	¿Has vivido aquí reparando las grietas? || Has sufrido tanto abuela. || ¿Sabes? Mi prima es como tú ¿Has visto a Dolores?
hernando	3	Las reparaciones son obra de Hernando. || - ¿Quién es Hernando? - ¡Soy Hernando y no me asusta nada!
gratis	3	...y como ya dije ay comida sabrosa gratis. || Les encanta la comida gratis, ¿verdad? || Abrazos gratis, a mis brazos.
acabar	3	Eel peso del mundo no descansa sobre tus hombros. Se acabó. || Algo me dice que se nos acaba el tiempo. || que acabe olvidando para quién debía hacer ese milagro.
mala	3	"Bruno provoca cosas malas y qué miedo y su visión seguro mató a mi pez". || Yo no creo que provoque esas cosas malas. || a las personas raras de la familia y a veces les hacen mala fama.
parar	3	Es lo visión. ¡Tengo que parar! || ¡Tienes que parar ya, Mirabel! || Dos oruguitas, paran el viento.
alumbrar	3	Es la vela. ¡La vela alumbra más! || Más ardiendo han de alumbrar. || Ardiendo han de alumbrar.
surgir	3	Lo que en mí va a surgir nadie va a impedir. || - Por surgir (por surgir) Por sembrar (terminar).
creer	3	Creí que tendríamos una vida diferente. || Creí que yo podría ser una mujer diferente. || Tú eres nuestro don, cree en ti.
faltar	3	Con sueños nuevos, ya solo falta || Por terminar, miremos si algo falta. || - ¿Qué? - Falta un cerrojo.
bebé	2	cuando mis tres bebés recién habían nacido || Esta noche. Quiere cinco bebés.
escapar	2	tu abuelo Pedro y yo tuvimos que escapar de nuestro hogar. || no pudimos escapar de peligro.
unir	2	Y aunque muchos se nos unieron... || Cuando tú tío Félix y yo nos unimos a esta familia,
oscuro	2	Pero, en nuestro momento más oscuro, || en el momento más oscuro,
apagar	2	La vela se convirtió en una llama mágica, que jamás se apagaría. || y casi se apagó la vela.
lugar	2	Un lugar maravilloso. || Es el lugar está prohibido por una razón.
maravilloso	2	Un lugar maravilloso. || Todos nos regocijamos por Antonio y su maravilloso don...
hijo	2	Cuando mis hijos crecieron, || Y cuando sus hijos crecieron...
darte	2	Esta noche, esta vela va darte tu don, mi vida. || Solo debes darte cuenta
primo	2	La ceremonia de mi primo será hoy. || Mi primo Camilo que no se detiene y te hará reír.
averiguar	2	¡Ya lo hemos averiguar! || Averiguar lo que él le está pasando al milagro.
formar	2	Bueno, "nosotros", no les contaré sobre mí nada más. Yo formo parte de los sorprende Madrigal. || - También formo parte de. - Mirabel.
paz	2	No me van a dejar en paz, ¿verdad? || Tú deja en paz a Luisa hasta que yo hable con ella.
música	2	Hay fiesta y música con ritmazo sin igual. || ¡Pongan música!
constelación	2	Es mi familia, constelación perfecta. || Y esta familia, constelación que estalla.
olvidar	2	No hay que olvidar, la abuela lleva el show. || que acabe olvidando para quién debía hacer ese milagro.
cuidar	2	Nos trajo aquí y a todos nos cuidó. || Solamente cuidaba a mi familia,
aprendo	2	- Nunca me aprendo todos los dones - ¡Yo no sé quien es quién! || Aprendo la lección, la magia no es un don.
deberiar	2	Y por eso no deberías tomar café. || Por tu propuesta que deberías hacer.
café	2	Y por eso no deberías tomar café. || Siguen abiertas y el café se cuela en la casa
humor	2	Mi tía Pepa, su humor afecta el clima. || y te digo la cura para el mal humor un fuerte abrazo.
raro	2	Si está indispuesta, pues, los tiempos raros son. || Raro el don de ir visualizando.
desaparecer	2	Podía ver el futuro, él desapareció . || Mis poderes han desaparecido. No sé.
ma	2	Ella es mi ma' Julieta, y sin dudar. || ¡Ma'!
cura	2	Con su comida, cura todo mal. || y te digo la cura para el mal humor un fuerte abrazo.
remedio	2	Sus guisos son remedios de verdad. || Yo no doy remedios.
sonar	2	Les sonará tal vez fantástica y mágica. || Suena bien.
par	2	Pues ahora son un par de famosos Madrigal. || Son músculo y belleza sin par.
esfuerzo	2	Esfuerzo y alegría encenderán nuestros dones . || Creo que mi esfuerzo es nulo si siento que no ayudo.
generación	2	Y magia encendida tendrán por generaciones . || nos va a dar otra generación de bendiciones mágicas.
niño	2	Hay muchos niños aquí, rompimos el hielo . || La noche de mi niño debe ser perfecta y no lo es.
romper	2	Hay muchos niños aquí, rompimos el hielo . || - Intenté sujetarla. No podía. - El encanto se ha roto.
ronda	2	¿Saben qué? Yo creo que es tiempo de otra ronda. || Otra ronda.
fuerza	2	Una con fuerza, la otra es perfección . || (Luisa, Luisa, Luisa, Luisa) es fuerza irreal.
músculo	2	Son músculo y belleza sin par. || y mis músculos, sé lo que valen.
mami	2	Mi mami Julieta tranquila te deja con solo una arepa. || Tranquila, mami. A ver inhala, y exhala.
lejos	2	Mi prima Dolores estando a lo lejos te puede oír. || Lejos de aquel regalo mágico, y aquí estoy.
contarno	2	<¡Iba a contarnos cuál es su increíble don!> || Debes contarnos de la magia.
suerte	2	Y suerte para Antonio. || Suerte. Ojalá hubiera visto más.
fracaso	2	La última ceremonia de don fue un fracaso. || - ¡Soy un fracaso! - ¡Luisa!
amigo	2	Bueno mi querida amiga, no a mi. || Pero es bacano tener un amigo.
realmente	2	soy realmente especial igual que resto de mi familia. || así que no sabe que realmente su tía,
quitar	2	Quita las bandejas de ahí. || No. ¡Quieto ahí!
josé	2	Camilo, ¡necesito otro José! || ¡José!
piano	2	Luisa, ¡el piano debe ir arriba! || Luisa, ¿quiere extraer el piano por favor?
hermanito	2	¡Voy! Cuidado, hermanita. || eso es bastante serio hermanita.
esforzar	2	Si no te esforzarás tanto no estorbaría siempre. || - No ves que me esfuerzo. - Sí.
realidad	2	En realidad Isa, estoy ayudando. Está bien? || Si en la familia supiera cuán vulnerables somos en realidad.
nervioso	2	Es la primera ceremonia desde la tuya. Están nerviosos. || ¿Estás nervioso?
excepcional	2	rodeados por gente excepcional nos sentíamos tan... || "poco excepcionales".
genial	2	Perdón, podrías. Te ves genial. || ¿Es tu hermana? ¡Es genial!
corazón	2	- Corazón, ¡no lo olvides! - No lo olvides. || - ¡Bello corazón, lindas gafas!
hacer él	2	Y a veces el mejor modo de apoyar a los demás es no hacerse a un lado. || Lo siento, mi vida, hazlo tú.
nube	2	- ¡Pepa! ¡Tienes una nube! - Ya sé, mamá. || Pepa, la nube.
quier	2	Pero no logro encontrar a antonio que más quieres saber. || - Quiero... - Es lo que quieres es aquí está.
preocupartir	2	No tienes nada de que preocuparte. || y en tu boda preocuparte.
seguro	2	Estoy segura. || "Bruno provoca cosas malas y qué miedo y su visión seguro mató a mi pez".
contento	2	Sigue bailando, contento en mi paraíso Y revelando milagros en cada piso. || ¡Ahí tienes! Sigue bailando, contento en mi paraíso Y revelando milagros en cada piso.
enamorar	2	Que siempre me enamora tu encanto
sigar	2	Qué sigas bendiciendo tu encanto || pero no es una excusa para que sigas dañando a esta familia.
madrugada	2	Abriendo puertas, va llegando la madrugada || Pasan sus noches y madrugadas.
abierto	2	Siguen abiertas y el café se cuela en la casa || Y es un problema, porque necesitamos un espacio abierto.
canción	2	Canción alegre para que gane el bien sobre el mal || mi Mariano quiere empezar con una canción.
dejar él	2	Pepe, amor vas a dejarlo empapado. || pero luego fui a dejarlos al establo y lo sentí tan..
fortalecer	2	y fortalecer a nuestro hogar? || y ambas familias podrán fortalecer ese.
adónde	2	¿Quieres ir adónde? || ¿Qué está pasando? ¿Adónde nos llevas?
lamentar	2	No me lamento, ¿para qué?. || Y yo lo lamento tanto.
regalo	2	Un regalo mágico. || Lejos de aquel regalo mágico, y aquí estoy.
enfrentar	2	Ni a esta pena que empiezo invisible a enfrentar. || Enfrentando profecías sin interpretar.
cerrojo	2	Y el cerrojo no abrió. || - ¿Qué? - Falta un cerrojo.
oportunidad	2	otra oportunidad. || Otra oportunidad.
flores	2	Flores nuevas, sembraré. || Solo he visto tus flores brotar.
sembrar	2	Flores nuevas, sembraré. || - Por surgir (por surgir) Por sembrar (terminar).
sanar	2	Sanaré el quebranto. || Tu sanas mi herida con una arepita con queso.
dispuesto	2	Muy dispuesta, véanme dispuesta.
vi	2	Yo no vi las grietas. || Abuela, de verdad vi...
riesgo	2	La casa estaba en riesgo la, la vela estaba. || El barco no vira, aún sabiendo el riesgo rotundo.
mano	2	Si todo era mi imaginación ¿cómo me corté la mano? || Dáselo a tu hermana, pon en sus manos.
verte	2	Ojalá pudieras verte, como yo lo hago. || Estoy tan feliz de verte bien.
hija	2	Sané tu herida con mi amor por mi hija, || Estaba pensando en mi hija.
hermano	2	Mira, mi hermano bruno perdió en el camino en esta familia. || Te quiero a ti decir que tu hermano está aquí.
proteger	2	Ayúdame a proteger a la familia. || Debemos proteger a la familia, al encanto. O no tendremos hogar.
ver él	2	pero tal vez se pasó algo y tal vez yo de vas a verlo. || Verla doblarse y torcerse sin chispar.
mesa	2	¡A la mesa! Todos a comer, ahora, todos. || ¡A LA MESA!
comer	2	¡A la mesa! Todos a comer, ahora, todos. || ¡Hora de comer!
toñito	2	Gracias, Toñito. || Solo vine por las últimas cosas de toñito,
aprovechar	2	y pronto encontraremos cómo aprovechar la bendición que recibiste. || Y aprovecho el momento, por si quisieras pensar en mí.
super	2	Luisa, Dolores está super ansiosa. || Fue porque las montañas que rodean el encantan son super altas y...
magnífico	2	¡Magnífico! || Una magnífica rocío del sol
río	2	- Luisa, ¿puedes reencauzar el río? - Sí claro. || Este río. Aquí es donde recibimos el milagro.
quierar	2	Nada. Tengo cosas que hacer así que tal vez quieras irte a casa. || Tal vez quieras apurarte.
dime	2	Dime qué te puso nerviosa. || Dime qué te gusta. ¿Te gustan los deportes?
muevo	2	Muevo montes, muevo valles.
valer	2	y mis músculos, sé lo que valen. || Entonces más vale que lo entendieras porque iba a pasarte muy pronto.
necesario	2	Yo paso y aplasto si es lo necesario, mas || Hacer lo necesario en un mundo que sigue cambiando
derrumbar él	2	comienza a derrumbarse. || Nuestra casa derrumbándose.
reventar	2	Es peso que con gota a gota lo reventó. || Peso que con gota a gota lo reventó.
pop	2	Peso como un tip-tip-tip hasta que haces pop.
tarea	2	Todas las tareas que no aguantamos. || así que traté de no cargar tanto pero eso me retraso en mis tareas
soltar	2	Y si cedo al peso con presión, presión que jamás soltó,. || Sin peso con presión, presión que jamás soltó.
explosión	2	Peso como un tick-tack-tick antes de una explosión.
agarrar	2	Como lo resiste, se agarra fuerte. || esta vez o sentir mal así que agarré a todos los burros
viento	2	en alineación Y el viento resoplando lo derriba sin control. || Dos oruguitas, paran el viento.
control	2	en alineación Y el viento resoplando lo derriba sin control. || Luisa se queda sin poderes. Isabella está fuera de control.
cimiento	2	Ella sostendrá todos los cimientos || Cimientos nuevos podremos vislumbrar.
horrible	2	le llegó una horrible visión al respecto. || Sí. Esperemos que esta noche no sea un horrible desastre.
aparecer	2	Nadie sabe. Jamás apareció. || ¿Por qué aparezco en tu visión bruno?
arena	2	¿Me puedes a hacer que pare la arena? || Su sonido es como la arena al resbalar.
volar	2	No. Pues se fue volando. No me quiere. || Pero adoro mirarte volar.
forma	2	Podría haber otra forma de subir con nuestra magia, pero no. || Forma audaz, ¡qué impresión!.
mirabell	2	¿Que la urgencia, Mirabell, de dónde saliste? || Nunca le hiciste daño a la familia, Mirabell.
nombre	2	y en eso hoy el nombre que no se menciona. || Al oír tu nombre, no hay marcha atrás.
rayo	2	Que bien. Ahora provoqué rayos y los rayos causan llovizna
llovizna	2	Que bien. Ahora provoqué rayos y los rayos causan llovizna || y la llovizna se vuelven lluvia.
significar	2	si el hubiera tenido una visión sobre una persona, ¿qué significa..? || ¿Qué significa?
positivo	2	Solo quiero saber si es en general era positivo o no era tan positivo..
saber él	2	Tiene que saberlo, Pepi. || No deben saberlo. Solo actúa como siempre.
cumplir	2	¡Está se cumplirá! || Las profecías se cumplen cada vez.
nubar	2	Ninguna nube esa vez. || - Todo estaba listo, con un clima precioso esa vez. - Ninguna nube esa vez.
voz	2	Bruno con voz misteriosa habló.
misterioso	2	Bruno con voz misteriosa habló.
trueno	2	¡Trueno! || - Trueno. - ¿Tú cuentas la historia o lo hago yo?
historia	2	¿Tú cuentas la historia o lo hago yo? || - Trueno. - ¿Tú cuentas la historia o lo hago yo?
tomé	2	Sabrás que lo tomé muy mal. || -Sabrás que lo tomé muy mal - Abuela, ten la sombrilla.
sombrilla	2	Abuela, ten la sombrilla. || -Sabrás que lo tomé muy mal - Abuela, ten la sombrilla.
sonido	2	Su sonido es como la arena al resbalar. || Cual si lo pudiera oír - De ti ni un sonido saldrá.
profecía	2	Enfrentando profecías sin interpretar. || Las profecías se cumplen cada vez.
pez	2	Él dijo mi pez se moriría, ¡y ve! || "Bruno provoca cosas malas y qué miedo y su visión seguro mató a mi pez".
quedar	2	- No, no. - Él dijo que me quedaría sin pelo y mírame bien. || Luisa se queda sin poderes. Isabella está fuera de control.
ensueño	2	Una vida de ensueños vendrá. || Un equipo de ensueño hay aquí, ¡qué vigor!
agonizar	2	la magia no está agonizando, no se derrumba la casa. || El milagro agoniza por culpa tuya.
actuar	2	No deben saberlo. Solo actúa como siempre. || Decía que mi vida un verdadero era actuar.
crema	2	La crema, ¿por favor? || Papá, ¿la crema?
señora	2	Señora, ¡por favor! || Señora, perdón.
odiar	2	¡Te odio! || Ella nunca me abraza, ¿Okey?. ¡Ella me odia!
sal	2	- Pero... - Un poco de sal. || - Mirabel, ¡sal! - ¡Mirabel!
asustar	2	¿Eso? No. Me asusta estar cerca de ellas. || - ¿Quién es Hernando? - ¡Soy Hernando y no me asusta nada!
cerca	2	¿Eso? No. Me asusta estar cerca de ellas. || - ¿Pero quién es? - Es muy de cerca...
misterio	2	Pero es un misterio, un misterio. Por eso esta visión es...
ayudarte	2	Créeme es si pudiera ayudarte más, lo haría pero.. || Sudabas nerviosa y solo quería ayudarte.
muestro	2	¿Y qué pasa si lo que te muestro es peor? || Y mis poses muestro hermosas.
mariposa	2	¡La mariposa! || ¡Sigue a la mariposa!
pelear	2	- ¡Y ustedes están peleando! - ¿Qué? || ¿Peleando o abrazando?
tién	2	Para que la vela brilla tienes que darle un abrazo. || Lo lograrás. Solo tienes que salvar el milagro.
ves	2	Ves que creo que no ves lo que pasa. || ¿Qué es lo que ves?
egoísta	2	¡Princesa egoísta! || ¿Egoísta?
brotar	2	De mis brazos, brotan rosas. || Solo he visto tus flores brotar.
sentimiento	2	¿Qué lograría si creciera el sentimiento del momento? || Mientras se abrazan con sentimiento.
jacaranda	2	Un huracán de jacarandas.
enredar	2	Por subir (¡sí!) Y enredar! || - Y enredar. - Crece.
cera	2	Palma de cera llena el aire Y va escalando en expansión.
aire	2	Palma de cera llena el aire Y va escalando en expansión.
escalar	2	Palma de cera llena el aire Y va escalando en expansión.
expansión	2	Palma de cera llena el aire Y va escalando en expansión.
descubrir	2	No vas a ser bella, hoy descubriré quien soy. || descubrirá, que locuras.
alcanzar	2	hasta el cielo y alcanza ​al Sol. || Al cielo alcanzando
terminar	2	- Por surgir (por surgir) Por sembrar (terminar). || Por terminar, miremos si algo falta.
dirección	2	Y tú me has dado dirección. || Y cambiar de dirección.
desea	2	Luisa nunca será tan fuerte como deseas. || Isabela no será tan perfecta como deseas.
hicistir	2	Mirabel, ¿te hiciste daño? || Nunca le hiciste daño a la familia, Mirabell.
navegar	2	Y navegando un mundo que cambia y sigue cambiando. || Navegando un mundo que cambia y sigue cambiando.
aguantir	2	Ay oruguitas, no se aguanten más.
aparte	2	Hay que crecer aparte y volver. || Hay que crecer aparte y volver
seguirás	2	Hacia adelante seguirás. || Hacia adelante seguirás
crisálida	2	Vienen milagros, vienen crisálidas.
construir	2	Hay que partir y construir su propio futuro.
conceder	2	Se me concedió un milagro. || Se nos concedió un milagro gracias a ti.
perdistir	2	Tú perdiste tu hogar. || Todo lo perdiste.
ayuda	2	Le pedí a mi y Pedro su ayuda. || La ayuda ya llegó.
solución	2	Hay solución. Hay solución.
escuchar	2	Yo te escucho. || Y escucha tu interior.
dale	1	Dale abre los.
contener	1	Esta vela contiene el milagro que recibió nuestra familia.
recién	1	cuando mis tres bebés recién habían nacido
nacer	1	cuando mis tres bebés recién habían nacido
convertir	1	La vela se convirtió en una llama mágica, que jamás se apagaría.
llama	1	La vela se convirtió en una llama mágica, que jamás se apagaría.
refugio	1	Y nos bendijo con un refugio donde podríamos vivir.
cobrar	1	cobró vida para protegernos.
protegerno	1	cobró vida para protegernos.
ayudarno	1	el milagro bendijo a cada uno, con un don mágico para ayudarnos.
fortalecerás	1	Fortalecerás a la comunidad, y a nuestro hogar también.
trairás	1	Trairás orgullo a tu familia
preguntado	1	¿Quién es preguntado?
sorprende	1	Bueno, "nosotros", no les contaré sobre mí nada más. Yo formo parte de los sorprende Madrigal.
increíbl	1	¿Los increíbles Madrigal?
cajones	1	¡Cajones!
suelos	1	¡Suelos!
puertas	1	¡Puertas!
descendencia	1	En este hogar vive nuestra descendencia .
ritmazo	1	Hay fiesta y música con ritmazo sin igual.
personal	1	El mundo encantan con su brillo personal.
show	1	No hay que olvidar, la abuela lleva el show.
allá	1	¡Vamos allá!
tranquilos	1	¡Tranquilos, por favor!
físicamente	1	- ¡Ay, así es físicamente imposible relajarse! - ¡Cuéntanos todo!
relajar él	1	- ¡Ay, así es físicamente imposible relajarse! - ¡Cuéntanos todo!
cuéntanos	1	- ¡Ay, así es físicamente imposible relajarse! - ¡Cuéntanos todo!
dino	1	- ¿Cuáles son tus poderes? - ¡Dinos qué sabe hacer cada uno!
tomar	1	Y por eso no deberías tomar café.
afectar	1	Mi tía Pepa, su humor afecta el clima.
indispuesta	1	Si está indispuesta, pues, los tiempos raros son.
dudar	1	Ella es mi ma' Julieta, y sin dudar.
guiso	1	Sus guisos son remedios de verdad.
esperen	1	Esperen, para impresionarse más,
impresionar él	1	Esperen, para impresionarse más,
tipo	1	Dos tipos que amaban a los Madrigal.
famoso	1	Pues ahora son un par de famosos Madrigal.
pa	1	El tío Félix quiso a Pepa, y mi pa' quiso a Julieta .
jurar	1	Hemos jurado abrir los brazos .
merecer	1	Y juntos merecer el gran milagro.
vibrar	1	El pueblo vibra, el mundo gira.
gira	1	El pueblo vibra, el mundo gira.
alegría	1	Esfuerzo y alegría encenderán nuestros dones .
encender	1	Esfuerzo y alegría encenderán nuestros dones .
encendido	1	Y magia encendida tendrán por generaciones .
oiga	1	Oiga, ¿cuál es la hermana y cuál es la prima?
confundirte	1	¿Qué haces para no confundirte?
hielo	1	Hay muchos niños aquí, rompimos el hielo .
aguja	1	Dolores oye hasta una aguja.
muta	1	Camilo muta, Antonio hoy recibe el don.
enloquecer	1	(Isabela) con sus flores van a enloquecer.
pie	1	(Isabela) es la perfección de pie.
irreal	1	(Luisa, Luisa, Luisa, Luisa) es fuerza irreal.
belleza	1	Son músculo y belleza sin par.
adiós	1	Somos así en la familia Madrigal . ¡Adiós!
conocer	1	Pero conocieron más de los Madrigal.
permitir	1	No me permito ser tan autobiográfica.
autobiográficar	1	No me permito ser tan autobiográfica.
repaso	1	Es solo un repaso sobre los Madrigal .
tir	1	- ¿Y Mirabel? - Comienza la abuela y luego tía Pepa, que el clima gobierna .
gobernar	1	- ¿Y Mirabel? - Comienza la abuela y luego tía Pepa, que el clima gobierna .
arepa	1	Mi mami Julieta tranquila te deja con solo una arepa.
padre	1	- ¿Y Mirabel? - Mi padre Agustín, pues, le pasa de todo, mas lindo es.
agustín	1	- ¿Y Mirabel? - Mi padre Agustín, pues, le pasa de todo, mas lindo es.
prir	1	Me pidieron que contara todo lo de mis hermanas Y primos y.
detener	1	Mi primo Camilo que no se detiene y te hará reír.
reír	1	Mi primo Camilo que no se detiene y te hará reír.
señor	1	Hey, es el señor Mariano, y ¿Puede usted casarse con mi hermana?,
casar él	1	Hey, es el señor Mariano, y ¿Puede usted casarse con mi hermana?,
caprichoso	1	Mas debo decir que es un poco caprichosa Y ya hablé de más, mil gracias, pues me debo retirar.
mil	1	Mas debo decir que es un poco caprichosa Y ya hablé de más, mil gracias, pues me debo retirar.
retirar	1	Mas debo decir que es un poco caprichosa Y ya hablé de más, mil gracias, pues me debo retirar.
iba	1	<¡Iba a contarnos cuál es su increíble don!>
entrega	1	¡Mirabel! ¡Una entrega!
trajar	1	Te traje el especial, por ser la única Madrigal que no tien un don.
tien	1	Te traje el especial, por ser la única Madrigal que no tien un don.
llamar	1	Le llamo "Nuestra Especial no Especial", ya que no hubo un don para ti.
triste	1	Si yo fuera tú, eso me pondría triste.
querida	1	Bueno mi querida amiga, no a mi.
rós	1	¿Quién quiere más rosa?
carro	1	¿Dónde dejo el carro?
negación	1	Tal vez tu don es vivir en negación.
arcoíris	1	¡He hecho un arcoíris!
bandeja	1	Quita las bandejas de ahí.
disculpa	1	Perdón. Disculpa.
oy	1	Dolores, ¿oyes si alguien llega tarde?
levántalo	1	Levántalo más alto. Más alto.
invitado	1	Los invitados ya van a llegar y ya.
llevándose	1	¡Está llevándose las flores!
acaso	1	¿Acaso alguien dijo flores?
ángel	1	¡Nuestro ángel!
aplauso	1	No aplausos.
consejito	1	Un consejito entre hermanas.
estorbar	1	Si no te esforzarás tanto no estorbaría siempre.
estorbós	1	Y la estorbosa aquí eres tú.
fuercser	1	Mi vida, ¿estás bien? No te fuerces demasiado.
ovejas	1	- ¡Ovejas! - Y lo entiendo.
extraño	1	dos extraños sin un don especial que jamás tendrían un,
rodeado	1	rodeados por gente excepcional nos sentíamos tan...
sentíar	1	rodeados por gente excepcional nos sentíamos tan...
papi	1	Okay, papi.
comprendo	1	- Te comprendo es todo... - Come.
come	1	- Te comprendo es todo... - Come.
decoracer	1	Tengo mucho que hacer. La casa no se decorará sola.
podría	1	Perdón, podrías. Te ves genial.
olvidser	1	- Corazón, ¡no lo olvides! - No lo olvides.
olvid	1	- Corazón, ¡no lo olvides! - No lo olvides.
póngansir	1	- Pónganse aquí. - ¡Limpien los cuartos!
limpien	1	- Pónganse aquí. - ¡Limpien los cuartos!
tiple	1	¿Han visto mi tiple?
decoración	1	¿Tal vez debas dejar las decoraciones a otra persona sí?
sorpresa	1	No, estas son mías eran una sorpresa para ti.
apoyar	1	Y a veces el mejor modo de apoyar a los demás es no hacerse a un lado.
obsequio	1	Este obsequio se autodestruirá si no lo agarras...
autodestruier	1	Este obsequio se autodestruirá si no lo agarras...
agarra	1	Este obsequio se autodestruirá si no lo agarras...
recibirás	1	Recibirás tu don y abrirás la puerta
abrirás	1	Recibirás tu don y abrirás la puerta
caso	1	Bueno, en ese imposible caso tú,
quedariar	1	te quedarías aquí en este cuarto conmigo.
sería	1	y entonces serías todo mío.
tuviera	1	Ojalá tuvieras una puerta.
extrañar	1	Pero sí, te extrañaré mucho tener al mejor compañero de cuarto.
compañero	1	Pero sí, te extrañaré mucho tener al mejor compañero de cuarto.
animal	1	Sé que ha más a los animales.
cambiser	1	Lo hice para que cuando te cambies a tu increíble cuarto,
tenga	1	tengas algo que a abrazar al dormir.
ok	1	Ok parcerito, ¿estás listo?
parcerito	1	Ok parcerito, ¿estás listo?
gozar	1	Y revelando milagros en cada piso. Noche de fiesta, todos llegan para gozar
celebrar	1	Noche de fiesta, todos vienen a celebrar Y revelando milagros en cada piso. Y revelando milagros en cada piso.
colar	1	Siguen abiertas y el café se cuela en la casa
alegre	1	Canción alegre para que gane el bien sobre el mal
ganar	1	Canción alegre para que gane el bien sobre el mal
real	1	No me despierten, que esto parece un sueño real
mírate	1	Mírate. Estás tan grande.
pepe	1	Pepe, amor vas a dejarlo empapado.
empapado	1	Pepe, amor vas a dejarlo empapado.
niña	1	Qué orgulloso está tu papá, mi niña.
esperarer	1	Te esperaremos en tu puerta.
callo	1	¡Ya, me callo!
cincuenta	1	Hace cincuenta años,
honor	1	Y el más grande honor de nuestra familia...
reunir	1	Esta noche nos hemos reunido de nuevo...
luz	1	para que uno más reciba esta luz...
llenir	1	y nos llene de orgullo.
usará	1	¿Usarás tu don para honrar a nuestro milagro?
honrar	1	¿Usarás tu don para honrar a nuestro milagro?
dudé	1	Nunca dudé que lo lograría.
foto	1	¡Hora de la foto!
vengar	1	¡Todos vengan! ¡Rápido, rápido, rápido!
ey	1	Ey, no importa, pues todos somos Madrigal.
contemplo	1	Desde aquí los contemplo al brillar.
mover	1	Yo no muevo montes,
florecer	1	No hago palmas florecer.
tendré	1	Ni tendré otra noche esperando tener...
controlo	1	No controlo el vendaval ni a un huracán.
vendaval	1	No controlo el vendaval ni a un huracán.
pena	1	Ni a esta pena que empiezo invisible a enfrentar.
empiezo	1	Ni a esta pena que empiezo invisible a enfrentar.
invisible	1	Ni a esta pena que empiezo invisible a enfrentar.
corredor	1	Sola en el corredor.
añorar	1	Nadie a mí alrededor sigo añorando.
ábrelo	1	Y unos ojos que al ver quieran mirar. ¡Ábrelos ya!
moveré	1	Y moveré los montes.
quebranto	1	Sanaré el quebranto.
valor	1	Les demostraré valor.
véanme	1	Muy dispuesta, véanme dispuesta.
paciente	1	Fui paciente y no obtuve respuesta.
obtener	1	Fui paciente y no obtuve respuesta.
bendiciones	1	Bendiciones te pido, aunque no tenga un don.
milagroso	1	Milagroso y mágico.
teja	1	Las tejas se caían y grietas en todas partes,
enséñame	1	Enséñame.
suficiente	1	Es suficiente.
trago	1	Y los tragos igual.
pongan	1	¡Pongan música!
imaginación	1	Si todo era mi imaginación ¿cómo me corté la mano?
cortar	1	Si todo era mi imaginación ¿cómo me corté la mano?
dañar él	1	yo nunca podría dañarle la noche Antonio.
creser	1	¿En serio es lo que crees?
súper	1	y tal vez yo no sea súper fuerte como luisa
divinamente	1	o divinamente perfecta como la señorita perfecta Isabela
señorita	1	o divinamente perfecta como la señorita perfecta Isabela
hermoso	1	y su hermoso cabello de un sueño pero...
cabello	1	y su hermoso cabello de un sueño pero...
pudiera	1	Ojalá pudieras verte, como yo lo hago.
perfectar	1	Eres perfecta tal cual eres.
herida	1	Tu sanas mi herida con una arepita con queso.
arepita	1	Tu sanas mi herida con una arepita con queso.
queso	1	Tu sanas mi herida con una arepita con queso.
sané	1	Sané tu herida con mi amor por mi hija,
herido	1	Sané tu herida con mi amor por mi hija,
maravillosamente	1	con su maravillosamente,
gafa	1	- ¡Bello corazón, lindas gafas!
sentirar	1	Te sentirás mejor mañana.
mañana	1	Te sentirás mejor mañana.
grietas	1	Grietas en nuestra casita.
cuán	1	Si en la familia supiera cuán vulnerables somos en realidad.
vulnerable	1	Si en la familia supiera cuán vulnerables somos en realidad.
agoniza	1	Si nuestro milagro a agoniza...
ábre	1	Ábre mis ojos.
encontrar él	1	Si la respuesta está aquí, ayúdame a encontrarla.
idea	1	No tengo ni idea.
mayor	1	De mis primas mayores tú eres mi favorita,
favorita	1	De mis primas mayores tú eres mi favorita,
contar tú	1	y siento que puedo contarte lo que sea
contar yo	1	y que tú puedas contarme a mí lo que sea.
fingir	1	¡Camilo! Deja de fingir que eres dolores solo para repetir.
dolor	1	¡Camilo! Deja de fingir que eres dolores solo para repetir.
repetir	1	¡Camilo! Deja de fingir que eres dolores solo para repetir.
toca	1	Toca a intentar.
preocupado	1	La única preocupada por la magia eres tú.
muro	1	Y las ratas que hablan entre los muros.
regocijar	1	Todos nos regocijamos por Antonio y su maravilloso don...
calentar	1	Estaban calentando la silla.
silla	1	Estaban calentando la silla.
gracia	1	Gracias, Toñito.
encontrarer	1	y pronto encontraremos cómo aprovechar la bendición que recibiste.
ansiós	1	Luisa, Dolores está super ansiosa.
atención	1	- Si no puedes poner atención yo, te ayudo. - Yo...
echo	1	jamás debemos dar por echo nuestro milagro,
trabajar	1	así que hoy trabajaremos el doble de duro.
doble	1	así que hoy trabajaremos el doble de duro.
aviso	1	Primero, les daré un aviso.
matrimonio	1	Hablé con los Guzmán de la propuesta de matrimonio de Mariano a Isabela.
fecha	1	Dolores, ¿ya tienen fecha?
joven	1	Un joven tan guapo con nuestra perfecta Isabela...
guapo	1	Un joven tan guapo con nuestra perfecta Isabela...
ambos	1	y ambas familias podrán fortalecer ese.
reencauzar	1	- Luisa, ¿puedes reencauzar el río? - Sí claro.
espérate	1	¡Espérate!
debes	1	Debes contarnos de la magia.
escond	1	¿Qué le sucede? ¿Qué escondes ?
irte	1	Nada. Tengo cosas que hacer así que tal vez quieras irte a casa.
inclinar	1	Luisa, mi casa está inclinando.
tenías	1	Dolores dijo que tenías un tic. Eso nunca te pasa.
permiso	1	El permiso. Vas a hacer que se me caiga un burro.
cuéntamar	1	- Sola cuéntame qué pasa. - No hay nada que contar.
obvio	1	Es muy obvio que algo te preocupa.
decir yo	1	y luego empeora porque no quieres decirme qué pasa...
guau	1	Guau, no quise gritar a.
gritar	1	Guau, no quise gritar a.
imparable	1	Siempre fuerte, imparable.
risco	1	No habrá un risco en la tierra que aguante.
tierra	1	No habrá un risco en la tierra que aguante.
aguante	1	No habrá un risco en la tierra que aguante.
valle	1	Muevo montes, muevo valles.
totalmente	1	Totalmente. Hoy yo no me dejé.
preguntar	1	No pregunto, ejecuto.
ejecuto	1	No pregunto, ejecuto.
coraza	1	Mi coraza es del hierro más duro.
hierro	1	Mi coraza es del hierro más duro.
rocas	1	Rocas, diamantes, se funden, se parten
diamante	1	Rocas, diamantes, se funden, se parten
fundir	1	Rocas, diamantes, se funden, se parten
partir	1	Rocas, diamantes, se funden, se parten
aplasto	1	Yo paso y aplasto si es lo necesario, mas
comienzo	1	En lo profundo comienzo el truco en la cuerda floja que me marca el rumbo.
truco	1	En lo profundo comienzo el truco en la cuerda floja que me marca el rumbo.
cuerda	1	En lo profundo comienzo el truco en la cuerda floja que me marca el rumbo.
flojo	1	En lo profundo comienzo el truco en la cuerda floja que me marca el rumbo.
marcar	1	En lo profundo comienzo el truco en la cuerda floja que me marca el rumbo.
rumbo	1	En lo profundo comienzo el truco en la cuerda floja que me marca el rumbo.
hércules	1	Hércules dijo: ¡No quiero, renuncio!
renuncio	1	Hércules dijo: ¡No quiero, renuncio!
nulo	1	Creo que mi esfuerzo es nulo si siento que no ayudo.
escucho	1	Escucho un crack,
crack	1	Escucho un crack,
tronar	1	comienza a tronar Se va a desmoronar,
desmoronar	1	comienza a tronar Se va a desmoronar,
pon	1	Dáselo a tu hermana, pon en sus manos.
aguantamos	1	Todas las tareas que no aguantamos.
balón	1	¿Quién soy yo si pierdo con el balón?
ceder	1	Y si cedo al peso con presión, presión que jamás soltó,.
resistir	1	Como lo resiste, se agarra fuerte.
fallo	1	¿Qué si pierdo y fallo al soportar?
soportar	1	¿Qué si pierdo y fallo al soportar?
quebrar	1	Si me quiebro.
inquietar	1	Algo me inquieta y se empeora, yo debo salvar a todo el mundo.
barco	1	El barco no vira, aún sabiendo el riesgo rotundo.
virar	1	El barco no vira, aún sabiendo el riesgo rotundo.
rotundo	1	El barco no vira, aún sabiendo el riesgo rotundo.
imagen	1	En lo profundo La imagen que yo infundo
infundo	1	En lo profundo La imagen que yo infundo
levanto	1	se cae en un segundo. Levanto el dominó.
dominó	1	se cae en un segundo. Levanto el dominó.
alineación	1	en alineación Y el viento resoplando lo derriba sin control.
resoplar	1	en alineación Y el viento resoplando lo derriba sin control.
derribar	1	en alineación Y el viento resoplando lo derriba sin control.
desvanecer	1	desvanecer
cruel	1	el peso cruel, la expectativas,
expectativa	1	el peso cruel, la expectativas,
esparcimiento	1	de esparcimiento?
simple	1	Tan simple y bello en vez del peso.
aumento	1	que va en aumento no importa,
impongar	1	que impongan y el resto ignore el
ignorar	1	que impongan y el resto ignore el
sostener	1	Ella sostendrá todos los cimientos
ve	1	Ve también si carga nuestros sufrimientos.
sufrimiento	1	Ve también si carga nuestros sufrimientos.
doblar él	1	Verla doblarse y torcerse sin chispar.
torcer él	1	Verla doblarse y torcerse sin chispar.
chispar	1	Verla doblarse y torcerse sin chispar.
fallar	1	Sin fallar.
preguntarte	1	Dáselo a tu hermana sin preguntarte
aplastarte	1	Es que el peso llegará a aplastarte.
desplomar	1	¿Qué si me desplomo y no llego a ser
beso	1	Estás cargando demasiado. ¡Beso!
débil	1	yo me sentí... Débil.
refier	1	No espera. ¿A qué te refieres?
adulto	1	No lo sé, pero ya los adultos hablando.
comprenderás	1	Lo comprenderás si la encuentras.
encuentra	1	Lo comprenderás si la encuentras.
pareja	1	Son una pareja perfecta.
parir	1	¿Me puedes a hacer que pare la arena?
busca	1	"Busca la visión, salva el mila... ".
mila	1	"Busca la visión, salva el mila... ".
bacano	1	Pero es bacano tener un amigo.
bienvenido	1	Bienvenida a la familia Madrigal.
quanta	1	¡Quantas escaleras que hay aquí!
gallina	1	¡Gallina!
vacío	1	Está vacío.
urgencia	1	¿Que la urgencia, Mirabell, de dónde saliste?
salistar	1	¿Que la urgencia, Mirabell, de dónde saliste?
pelir	1	¡Te pelo! ¿Qué tienes ahí?
estuvir	1	Mirabel y yo estuvimos conversando sobre cómo cargo demasiado.
conversar	1	Mirabel y yo estuvimos conversando sobre cómo cargo demasiado.
cargo	1	Mirabel y yo estuvimos conversando sobre cómo cargo demasiado.
tratar	1	así que traté de no cargar tanto pero eso me retraso en mis tareas
retrasar	1	así que traté de no cargar tanto pero eso me retraso en mis tareas
decepcionacer	1	y sabía que eso decepcionaría a todos.
establo	1	pero luego fui a dejarlos al establo y lo sentí tan..
pesado	1	¡pesados!
hiciste	1	¿Pero qué hiciste? ¿Qué fue lo que le dijiste?
dijistir	1	¿Pero qué hiciste? ¿Qué fue lo que le dijiste?
ah	1	Mirabel. Ah, tengo que recoger a los Guzmán para compromiso de Isabella.
recoger	1	Mirabel. Ah, tengo que recoger a los Guzmán para compromiso de Isabella.
compromiso	1	Mirabel. Ah, tengo que recoger a los Guzmán para compromiso de Isabella.
estés	1	Lo que sea que estés haciendo suspéndelo ya.
suspéndelo	1	Lo que sea que estés haciendo suspéndelo ya.
mencionar	1	y en eso hoy el nombre que no se menciona.
causar	1	Que bien. Ahora provoqué rayos y los rayos causan llovizna
lluvia	1	y la llovizna se vuelven lluvia.
soleadir	1	Soleado y que el sol salga.
bru	1	¿Tía Pepa? Si Bru...
hipotético	1	Lo sé, solo es hipotético. Si hubieras estado...
hubierar	1	Lo sé, solo es hipotético. Si hubieras estado...
olvídalo	1	Mirabel, olvídalo. Tenemos que estar listos para los Guzmán.
general	1	Solo quiero saber si es en general era positivo o no era tan positivo..
pesadilla	1	- ¡Era una pesadilla! - ¡Félix!
pepi	1	Tiene que saberlo, Pepi.
terrible	1	Siempre tenía visiones terribles y luego..
entendiera	1	Entonces más vale que lo entendieras porque iba a pasarte muy pronto.
pasar tú	1	Entonces más vale que lo entendieras porque iba a pasarte muy pronto.
insinuar	1	¿Qué insinuaba?
sabrás	1	Sabrás que lo tomé muy mal.
balbucear	1	Miedo al ver a Bruno balbuceando y tropezando.
tropezar	1	Miedo al ver a Bruno balbuceando y tropezando.
recordar	1	Siempre lo recuerdo murmurando y farfullando.
murmurar	1	Siempre lo recuerdo murmurando y farfullando.
farfullar	1	Siempre lo recuerdo murmurando y farfullando.
resbalar	1	Su sonido es como la arena al resbalar.
visualizar	1	Raro el don de ir visualizando.
temblar	1	Deja a la abuela como a todos temblando.
interpretar	1	Enfrentando profecías sin interpretar.
terror	1	Terror en su faz, ratas por detrás.
faz	1	Terror en su faz, ratas por detrás.
marcha	1	Al oír tu nombre, no hay marcha atrás.
atrás	1	Al oír tu nombre, no hay marcha atrás.
grita	1	Grita mientras tiembles al despertar.
tiembl	1	Grita mientras tiembles al despertar.
morir	1	Él dijo mi pez se moriría, ¡y ve!
serás	1	Él dijo: ¡Serás panzón! — y justo así fue.
panzón	1	Él dijo: ¡Serás panzón! — y justo así fue.
pelo	1	- No, no. - Él dijo que me quedaría sin pelo y mírame bien.
mírame	1	- No, no. - Él dijo que me quedaría sin pelo y mírame bien.
gentil	1	Él vio en mí un destino gentil.
uva	1	Y que, así, el poder de mi don como uvas va a madurar.
madurar	1	Y que, así, el poder de mi don como uvas va a madurar.
pactado	1	Él vio en mí un amor imposible pactado al fin.
lazo	1	En lazos con otra.
denme	1	Ya digan lo que sepan de Bruno Denme la pura verdad de Bruno.
puro	1	Ya digan lo que sepan de Bruno Denme la pura verdad de Bruno.
llegaron	1	¡Llegaron! No hablemos de Bruno, no, no, no.
habler	1	¡Llegaron! No hablemos de Bruno, no, no, no.
miraboo	1	¡Miraboo! Lista para bailar, siento...
lista	1	¡Miraboo! Lista para bailar, siento...
siento	1	¡Miraboo! Lista para bailar, siento...
meter	1	Me metí en la torre de  Bruno.
encontré	1	Encontré su visión. La familia peligra.
peligrar	1	Encontré su visión. La familia peligra.
agonizo	1	La magia agoniza, la casa se derrumba en donde Luisa se pierde.
metistar	1	Mientras esté en los Guzmán nunca te metiste a la torre de Bruno,
secreto	1	Será nuestro secreto.
miércoles	1	Miércoles.
esperer	1	Sí. Esperemos que esta noche no sea un horrible desastre.
desastre	1	Sí. Esperemos que esta noche no sea un horrible desastre.
salud	1	¡Salud!
aguacate	1	¿Aguacate?
cara	1	Camilo. Cambia esa cara.
agua	1	¿Agua?
despejado	1	Cielos despejados.
orden	1	¿Está todo en orden?
contentar	1	Todo está como nunca. Está contenta.
inmediatamente	1	- Sí. - Inmediatamente.
quiero	1	- Quiero... - Es lo que quieres es aquí está.
talento	1	Pues, bueno, la verdad es que, ya que todo el mundo aquí tiene un talento
extraer	1	Luisa, ¿quiere extraer el piano por favor?
tradición	1	De hecho, es tradición familiar cantar después.
cantar	1	De hecho, es tradición familiar cantar después.
divino	1	Isabela, la más divina de todos los Madrigal.
casartir	1	¿Quieres casarte...?
perdido	1	¡y estamos perdidos!
explicación	1	Le espera tiene que haber una explicación.
hir	1	¿Lo qué has histe?
inhala	1	Tranquila, mami. A ver inhala, y exhala.
exhalar	1	Tranquila, mami. A ver inhala, y exhala.
ayudame	1	¡Ayudame! Casita.
sudado	1	Estás muy sudada.
vale	1	- Vale. - ¿Qué?
tomastar	1	¿Por qué tomaste la visión?
volvistir	1	¿Por eso que volviste o...?
suponía	1	Suponía que no llegas a esa visión. Nadie lo haría.
azúcar	1	Azúcar.
sana	1	Sana sana.
sano	1	Sana sana.
reparar	1	¿Has vivido aquí reparando las grietas?
reparación	1	Las reparaciones son obra de Hernando.
obra	1	Las reparaciones son obra de Hernando.
jorge	1	Soy Jorge. Yo preparo la mezcla.
preparo	1	Soy Jorge. Yo preparo la mezcla.
mezcla	1	Soy Jorge. Yo preparo la mezcla.
vivar	1	¿Hace cuánto que vives aquí?
eh	1	tengo esto, ¿eh? Estoy junto a la cocina
cocina	1	tengo esto, ¿eh? Estoy junto a la cocina
entretenimiento	1	muy además pueden entretenimiento.
deporte	1	Dime qué te gusta. ¿Te gustan los deportes?
concurso	1	Concursos. Telenovelas.
telenovelas	1	Concursos. Telenovelas.
amnesia	1	Sí, porque ya su tía tiene amnesia,
relación	1	por eso su relación está prohibida.
montaña	1	Fue porque las montañas que rodean el encantan son super altas y...
rodear	1	Fue porque las montañas que rodean el encantan son super altas y...
sabrosa	1	...y como ya dije ay comida sabrosa gratis.
llenar	1	Nunca se llenan.
irtar	1	No importa, ya tienes que irte porque...
tener él	1	No tengo una buena razón, pero de tenerla me dirías:
diriar	1	No tengo una buena razón, pero de tenerla me dirías:
detener yo	1	Pero si debo detenerme sí,
dímelo	1	solo dímelo.
decírtelo	1	No puedo decírtelo,
suplicar	1	me suplicó ver hacia el futuro buscar la razón.
decidido	1	Tu futuro no estaba decidido.
proteger yo	1	¿Tú. Te fuiste para protegerme?
equivocar	1	O me equivoque.
créeme	1	Créeme es si pudiera ayudarte más, lo haría pero..
desear	1	desearía saber visto más. ¡Así que ve más!
podrías	1	- Podrías intentar. - Pero no.
eel	1	Eel peso del mundo no descansa sobre tus hombros. Se acabó.
descansar	1	Eel peso del mundo no descansa sobre tus hombros. Se acabó.
hombro	1	Eel peso del mundo no descansa sobre tus hombros. Se acabó.
tengar	1	Todo dependerá de mí, así que quiero, que tengas otra visión.
mostrar	1	Tal vez me muestra qué hacer.
destruir	1	Mira, aunque quisiera hacerlo y no quiero, destruiste mi cueva divisiones.
cueir	1	Mira, aunque quisiera hacerlo y no quiero, destruiste mi cueva divisiones.
división	1	Mira, aunque quisiera hacerlo y no quiero, destruiste mi cueva divisiones.
espacio	1	Y es un problema, porque necesitamos un espacio abierto.
buscarer	1	- Buscaremos uno. - ¿Dónde?
use	1	Use en mi cuarto.
quieto	1	Las ratas ya me contaron todo. No quieto.
debiste	1	Debiste decirmelo tan pronto tú viste la visión.
decirmelo	1	Debiste decirmelo tan pronto tú viste la visión.
calmate	1	Pepa, calmate.
agradecer	1	Agradece que no es un huracán.
poner él	1	muchas personas empiezan a ponerse ansiosas por la magia.
ansiosa	1	muchas personas empiezan a ponerse ansiosas por la magia.
buscanla	1	Buscanla.
apurar tú	1	Tal vez quieras apurarte.
apresurar	1	No puedes apresurar el futuro.
matar	1	"Bruno provoca cosas malas y qué miedo y su visión seguro mató a mi pez".
rara	1	a las personas raras de la familia y a veces les hacen mala fama.
fama	1	a las personas raras de la familia y a veces les hacen mala fama.
lograr él	1	Puedes lograrlo.
nervio	1	Para los nervios.
agarr	1	Es mejor que te agarres.
desordenado	1	Es que todo desordenado.
va	1	- ¡Creo que vas a salvar la vela! - ¿Cómo?
dar él	1	Para que la vela brilla tienes que darle un abrazo.
veo	1	¡La veo!
supistar	1	Y claro no sé si supiste yo le dañe su propuesta.
fastidiós	1	- Por si fuera poco, ella es tan fastidiosa. - ¿Mirabel?
rosa	1	A ella es a la que le salen rosa...
temes	1	Temes que te vea la abuela.
visitame	1	Oye, después de salvar el milagro, visitame.
volverás	1	Después de salvar el milagro, volverás a casa.
lograrás	1	Lo lograrás. Solo tienes que salvar el milagro.
diferencia	1	Sé que hemos tenido nuestras diferencias,
démonos	1	Así que démonos un...abrazo.
dartir	1	¿Darte un abrazo?
levantar	1	Luisa no levanta ni una empanada.
empanada	1	Luisa no levanta ni una empanada.
nariz	1	¡Mariano tiene la nariz aplastada como una papaya!
aplastado	1	¡Mariano tiene la nariz aplastada como una papaya!
papaya	1	¡Mariano tiene la nariz aplastada como una papaya!
locar	1	¿Te has vuelto loca?
molestar	1	Isa, algo me dice que estás molesta.
pídeme	1	¿Te digo cómo hacer mejor hermana? Pídeme perdón por hacerme daño, Mirabel.
hacer yo	1	¿Te digo cómo hacer mejor hermana? Pídeme perdón por hacerme daño, Mirabel.
pidemelir	1	Vamos. Pidemelo ahora.
seas	1	- ¡Qué tu vida seas tan fantástical! - Fuera.
fantástical	1	- ¡Qué tu vida seas tan fantástical! - Fuera.
pretender	1	No pretendía arruinarte la vida.
arruinarte	1	No pretendía arruinarte la vida.
peor	1	Algunos tenemos problemas peores,
princesa	1	¡Princesa egoísta!
exigido	1	¡Se me hay exigido ser perfecta durante toda mi vida!
casar	1	¡Todavía te puedes casar con tu novio escrito!
novio	1	¡Todavía te puedes casar con tu novio escrito!
escrito	1	¡Todavía te puedes casar con tu novio escrito!
casar yo	1	¡Yo jamás quise casarme con él, solo lo hacía por la familia!
damar	1	Okey, dame un abrazo.
efecto	1	No esperaba este efecto.
audaz	1	Forma audaz, ¡qué impresión!.
impresión	1	Forma audaz, ¡qué impresión!.
simétrico	1	No es simétrico o perfecto, pero es único.
abrazos	1	Abrazos gratis, a mis brazos.
rosas	1	De mis brazos, brotan rosas.
mayo	1	Flor de Mayo, por el patio.
patio	1	Flor de Mayo, por el patio.
pos	1	Y mis poses muestro hermosas.
hermosa	1	Y mis poses muestro hermosas.
sonrisa	1	La mejor sonrisa en labios.
labio	1	La mejor sonrisa en labios.
impedir	1	Lo que en mí va a surgir nadie va a impedir.
rocío	1	Una magnífica rocío del sol
carnívoro	1	Pero es carnívora, será con precaución.
precaución	1	Pero es carnívora, será con precaución.
emocionar yo	1	Yo quiero emocionarme con mi versión.
versión	1	Yo quiero emocionarme con mi versión.
podrás	1	Hoy tus ojos se abren Al fin de este sueño podrás despertar.
sabré	1	Sabré ser original.
original	1	Sabré ser original.
adorar	1	Pero adoro mirarte volar.
mirarte	1	Pero adoro mirarte volar.
elevar yo	1	Comienza a elevarme
irremediablemente	1	Irremediablemente, aquí, viviendo ahora en el momento.
comprender	1	Lo que yo haría al comprender que quiero ser imperfecta.
imperfecto	1	Lo que yo haría al comprender que quiero ser imperfecta.
descubro	1	Descubro nuevas estructuras.
estructura	1	Descubro nuevas estructuras.
locura	1	descubrirá, que locuras.
claridad	1	Con claridad ya veo el camino
determinación	1	Determinación.
creación	1	- ¿Será inspiración? - Tu nueva creación.
influencia	1	Eres una mala influencia.
arruinaste	1	Claro que no está feliz. Arruinaste su propuesta.
arruinar	1	No, es que yo debía arruinar su propuesta.
debo	1	¡Debo salvar al milagro!
iniciar	1	Las grietas iniciaron contigo.
excusa	1	pero no es una excusa para que sigas dañando a esta familia.
suficientemente	1	Nunca voy a hacer es suficientemente buena para ti.
ser él	1	No importa qué tanto intenté serlo.
cualquiera	1	No importa qué tanto lo intente cualquiera de nosotros.
veía	1	Bruno dejó esta familia porque tu solo veías lo peor en él.
amamos	1	Yo amo a esta familia. Todos amamos a la familia.
atreva	1	- Tu eres la que derrumba nuestro hogar. - Nunca te atrevas...
déjala	1	Mirabel, ¡déjala!
rapido	1	Julieta, ¡ven rapido!
mueir	1	No te muevas. Vuelvo en un minuto.
minuto	1	No te muevas. Vuelvo en un minuto.
llor	1	- ¿Están todos bien? - Antonio, no llores, papito.
papito	1	- ¿Están todos bien? - Antonio, no llores, papito.
sujetar él	1	- Intenté sujetarla. No podía. - El encanto se ha roto.
perdóname	1	Perdóname.
hacerno	1	No quería hacernos daño.
capaz	1	Jamás había sido capaz de volver aquí.
mujer	1	Creí que yo podría ser una mujer diferente.
enamorada	1	Dos oruguitas, enamoradas.
llenas	1	Llenas de hambre, siguen andando.
hambre	1	Llenas de hambre, siguen andando.
andar	1	Llenas de hambre, siguen andando.
rincón	1	Buscar algún rincón, el tiempo sigue cambiando.
inseparables	1	Inseparables son y el tiempo sigue cambiando.
desorientado	1	Dos oruguitas, desorientadas.
capullo	1	En dos capullos, bien abrigadas
abrigada	1	En dos capullos, bien abrigadas
tumbar	1	Tumbando sus paredes, ahí viene nuestro milagro
pared	1	Tumbando sus paredes, ahí viene nuestro milagro
perder él	1	Y tenía tanto miedo de perderla,
lastimado	1	Estamos lastimados...
sufrir	1	Has sufrido tanto abuela.
arregler	1	que no arreglemos juntos.
enviar	1	Te envió a ti.
necia	1	No me importa lo que digan de mí pero si eres muy necia para...
vamonos	1	Vamonos.
lleva	1	¿Qué está pasando? ¿Adónde nos llevas?
preocupastar	1	Mi amor, me preocupaste.
encontrár	1	No te encontrábamos.
abeja	1	Había abejas en todas partes.
guardar	1	Mira este hogar, aun guarda esperanza.
vislumbrar	1	Cimientos nuevos podremos vislumbrar.
estallar	1	Y esta familia, constelación que estalla.
arder	1	Más ardiendo han de alumbrar.
aferrar	1	Y yo me aferraba y fue un error.
error	1	Y yo me aferraba y fue un error.
temor	1	Mi gran temor los alejó.
alejar	1	Mi gran temor los alejó.
lección	1	Aprendo la lección, la magia no es un don.
lamento	1	¡Voy yo, muy bien! Pepa, lamento molestarte,
molestarte	1	¡Voy yo, muy bien! Pepa, lamento molestarte,
sudabas	1	Sudabas nerviosa y solo quería ayudarte.
nevar	1	Para ti, los demás, al llover, al nevar,
sospecha	1	Son mis sospechas siempre.
disculpar yo	1	Quiero disculparme tanto, lo esperé.
esperé	1	Quiero disculparme tanto, lo esperé.
abrázanos	1	- Abrázanos ya. - Hoy vamos a disfrutar.
disfrutar	1	- Abrázanos ya. - Hoy vamos a disfrutar.
diario	1	Lo sabía, no se fue, a diario lo escuché.
escuché	1	Lo sabía, no se fue, a diario lo escuché.
acá	1	El pueblo viene para acá.
pasión	1	Lo haremos juntos con pasión.
equipo	1	Un equipo de ensueño hay aquí, ¡qué vigor!
vigor	1	Un equipo de ensueño hay aquí, ¡qué vigor!
suelo	1	- Sí, más suelo llorar. - Yo igual.
llorar	1	- Sí, más suelo llorar. - Yo igual.
compartir	1	Comparto la labor y es emocionante.
labor	1	Comparto la labor y es emocionante.
emocionante	1	Comparto la labor y es emocionante.
querré	1	Yo querré Sol y un fertilizante.
fertilizante	1	Yo querré Sol y un fertilizante.
espigas	1	¡Así! Espigas flotando hasta elevar.
flotar	1	¡Así! Espigas flotando hasta elevar.
elevar	1	¡Así! Espigas flotando hasta elevar.
ardiendo	1	Ardiendo han de alumbrar.
irradiar	1	e irradian su calor.
calor	1	e irradian su calor.
notar	1	¿Ya notaste cuanto creció?
ofrecer	1	Te--tengo un amor por ofrecer.
informado	1	Okey, estoy informada, bye.
bye	1	Okey, estoy informada, bye.
proteg	1	proteges a tu madre y orgullosa está.
madre	1	proteges a tu madre y orgullosa está.
poesía	1	De noche, antes de dormir, tus poesías sueles escribir.
suel	1	De noche, antes de dormir, tus poesías sueles escribir.
escribir	1	De noche, antes de dormir, tus poesías sueles escribir.
quisierar	1	Y aprovecho el momento, por si quisieras pensar en mí.
casamos	1	- ¿Nos casamos? - ¡Tranqui!
tranqui	1	- ¿Nos casamos? - ¡Tranqui!
mirer	1	Por terminar, miremos si algo falta.
valiente	1	Valiente resplandor.
resplandor	1	Valiente resplandor.
interior	1	Y escucha tu interior.
entren	1	¡Vamos! ¡Entren!
